PRAGMA foreign_keys=OFF;
BEGIN TRANSACTION;
CREATE TABLE PRODUTOS (
	PRODUTO_ID INTEGER PRIMARY KEY AUTOINCREMENT,
	PRODUTO_NOME TEXT NOT NULL,
	PRODUTO_VALOR_UNITARIO FLOAT NOT NULL,
	PRODUTO_PRATELEIRA INTEGER NOT NULL,
	CONSTRAINT PRODUTOS_FK FOREIGN KEY (PRODUTO_PRATELEIRA) REFERENCES PRATELEIRAS(PRATELEIRA_ID) ON DELETE RESTRICT
);
INSERT INTO PRODUTOS VALUES(1,'ABRIDOR GARRAFA VIEL EMCARTELADO SOL',8.8000000000000007105,11);
INSERT INTO PRODUTOS VALUES(2,'ABRIDOR LATA/GARRAFA DIMIX INOX',4.4000000000000003552,11);
INSERT INTO PRODUTOS VALUES(3,'ABS ALWAYS BÁSICO SECA LV 8 PG 7 S/ABAS',3.0,8);
INSERT INTO PRODUTOS VALUES(4,'ABS ALWAYS COMPACTO 8UN ULTRAFINO C/ABAS SECA',1.1999999999999999555,8);
INSERT INTO PRODUTOS VALUES(5,'ABS ALWAYS NOTURNA 8UN PROTEÇÃO TOTAL SECA C/ABAS',4.7000000000000001776,8);
INSERT INTO PRODUTOS VALUES(6,'ACENDEDOR FOGO FOGO JA 210G',1.1000000000000000888,11);
INSERT INTO PRODUTOS VALUES(7,'ACENDEDOR FOGO JA 500G',3.0,11);
INSERT INTO PRODUTOS VALUES(8,'ACHOC PO NESTLE NESQUIK 200G LATA CHOCOLATE',0.4000000000000000222,7);
INSERT INTO PRODUTOS VALUES(9,'ACHOC PO NESTLE NESQUIK 200G LATA MORANGO',5.9000000000000003552,7);
INSERT INTO PRODUTOS VALUES(10,'ACUCAR ALTO ALEGRE 1KG',0.5,7);
INSERT INTO PRODUTOS VALUES(11,'ACUCAR MASCAVO 1KG',9.6999999999999992894,7);
INSERT INTO PRODUTOS VALUES(12,'ADOCANTE LIQ ZERO-CAL 100ML',1.8999999999999999111,7);
INSERT INTO PRODUTOS VALUES(13,'AFIADOR FACA MAX',3.7999999999999998223,11);
INSERT INTO PRODUTOS VALUES(14,'ÁGUA COCO DUCOCO 200ML TP',0.4000000000000000222,2);
INSERT INTO PRODUTOS VALUES(15,'AGUA H2OH 500ML LIMAO ABACAXI C/HORTELA',6.7999999999999998223,2);
INSERT INTO PRODUTOS VALUES(16,'AGUA H2OH 500ML LIMAO MACA ZERO ACUCAR',6.7000000000000001776,2);
INSERT INTO PRODUTOS VALUES(17,'AGUA MIN DA GUARDA 500ML S/GAS',5.0999999999999996447,2);
INSERT INTO PRODUTOS VALUES(18,'AGUA MIN DA GUARDA 500ML S/GAS',6.7000000000000001776,2);
INSERT INTO PRODUTOS VALUES(19,'ÁGUA OXIGENADA BUTTERFLY 100ML VOL 30',0.69999999999999995559,8);
INSERT INTO PRODUTOS VALUES(20,'AGUA SANIT QBOA 1L',1.6000000000000000888,8);
INSERT INTO PRODUTOS VALUES(21,'AGUA TONICA ANTARCTICA 350ML LATA',3.5,2);
INSERT INTO PRODUTOS VALUES(22,'AGUA TONICA SCHWEPPES 350ML CITRUS',9.5,2);
INSERT INTO PRODUTOS VALUES(23,'AGUA TONICA SCHWEPPES 350ML',0.59999999999999997779,2);
INSERT INTO PRODUTOS VALUES(24,'ALCOOL COPERALCOOL 1L 92,8 TRADICIONAL',2.6000000000000000888,8);
INSERT INTO PRODUTOS VALUES(25,'ALCOOL COPERALCOOL 500ML',0.8000000000000000444,8);
INSERT INTO PRODUTOS VALUES(26,'ALFAJOR BRANCO SANTA LURDES KG',10.0,9);
INSERT INTO PRODUTOS VALUES(27,'ALFAJOR PRETO SANTA LURDES KG',3.2000000000000001776,9);
INSERT INTO PRODUTOS VALUES(28,'ALGODAO COTTON LINE 25G',1.3999999999999999111,8);
INSERT INTO PRODUTOS VALUES(29,'ALGODAO TOPS 50G BOLAS BRANCAS',9.4000000000000003552,8);
INSERT INTO PRODUTOS VALUES(30,'ALGODAO YORK DISCO C/50',7.5999999999999996447,8);
INSERT INTO PRODUTOS VALUES(31,'ALICATE CUTICULA MUNDIAL ACO INOX',3.0,8);
INSERT INTO PRODUTOS VALUES(32,'ALICATE CUTICULA MUNDIAL C/ESPATULA FLEX',5.0,8);
INSERT INTO PRODUTOS VALUES(33,'ALIM INFANT NESTLE PAPINHA 120G AMEIXA',4.0999999999999996447,7);
INSERT INTO PRODUTOS VALUES(34,'ALIM INFANT NESTLE PAPINHA 120G CEREAIS E FRUTAS',4.5,7);
INSERT INTO PRODUTOS VALUES(35,'ALIM INFANT NESTLE PAPINHA 120G FRUTAS SORTIDAS',0.2000000000000000111,7);
INSERT INTO PRODUTOS VALUES(36,'ALMONDEGAS SADIA 500G 20UN CARNE BOVINA',3.7000000000000001776,3);
INSERT INTO PRODUTOS VALUES(37,'AMENDOIM DORI CARAMELO 70G',4.9000000000000003552,9);
INSERT INTO PRODUTOS VALUES(38,'AMENDOIM DORI CHOCOLATE 70G',8.5,9);
INSERT INTO PRODUTOS VALUES(39,'AMENDOIM DORI CONFEITADO 70G',5.2000000000000001776,9);
INSERT INTO PRODUTOS VALUES(40,'AMENDOIM DORI JAPONES 70G',4.4000000000000003552,9);
INSERT INTO PRODUTOS VALUES(41,'AMENDOIM DORI TORRADO E SALGADO 50G C/PELE',7.9000000000000003552,9);
INSERT INTO PRODUTOS VALUES(42,'ANTIEMBACANTE PROAUTO 100ML PRO WATER',2.6000000000000000888,8);
INSERT INTO PRODUTOS VALUES(43,'ANTIEMBACANTE PROAUTO 100ML',0.29999999999999998889,8);
INSERT INTO PRODUTOS VALUES(44,'ANTIEMBACANTE PROAUTO 250ML',6.2999999999999998223,8);
INSERT INTO PRODUTOS VALUES(45,'APAR BARBEAR GILLETTE EXCEL',1.1000000000000000888,8);
INSERT INTO PRODUTOS VALUES(46,'AZEITE OLIVA VALE FERTIL 500ML VIDRO EXTRA VIRGEM',8.8000000000000007105,7);
INSERT INTO PRODUTOS VALUES(47,'AZEITONA AGROLIVA 100G VERDE SACHE',2.5,7);
INSERT INTO PRODUTOS VALUES(48,'BALA 7 BELO UNIDADE',4.0999999999999996447,9);
INSERT INTO PRODUTOS VALUES(49,'BALA ADAMS HALLS 10G DROPS MENTOL-LYPTUS MASTIGAVEL',1.3000000000000000444,9);
INSERT INTO PRODUTOS VALUES(50,'BALA FINI 100G JELLY BANANAS',4.0999999999999996447,9);
INSERT INTO PRODUTOS VALUES(51,'BALA FINI GELATINA 100G AMORAS',0.4000000000000000222,9);
INSERT INTO PRODUTOS VALUES(52,'BALA FREEGELLS 735G 21UN DROPS CEREJA CHOCOLATE',3.7999999999999998223,9);
INSERT INTO PRODUTOS VALUES(53,'BALA MENTOS 38G CANELA',3.2000000000000001776,9);
INSERT INTO PRODUTOS VALUES(54,'BALA TIC TAC PASTILHA 16G ACEROLA',0.2000000000000000111,9);
INSERT INTO PRODUTOS VALUES(55,'BARALHO COPAG 139 50 CARTAS',3.5,10);
INSERT INTO PRODUTOS VALUES(56,'BARALHO TRUCO VAI VAI 40 CARTAS ESPANHOL',7.2000000000000001776,10);
INSERT INTO PRODUTOS VALUES(57,'BARALHO UNO FAMILY FUN 01 UD',2.2000000000000001776,10);
INSERT INTO PRODUTOS VALUES(58,'BARRA CEREAL NESTLE NESTON 25G FRUTAS VERMELHAS C/CHOCOLATE',3.8999999999999999111,9);
INSERT INTO PRODUTOS VALUES(59,'BARRA CEREAL NESTLE NESTON 25G LIGHT BANANA C/CHOCOLATE',8.1999999999999992894,9);
INSERT INTO PRODUTOS VALUES(60,'BATERIA RAYOVAC ALCALINA 9V 6LR61',2.5,10);
INSERT INTO PRODUTOS VALUES(61,'BEB AGUARDENTE PIRASSUNUNGA 51 965ML OURO',1.1000000000000000888,5);
INSERT INTO PRODUTOS VALUES(62,'BEB CATUABA CAPRICHO 880ML',9.8000000000000007105,5);
INSERT INTO PRODUTOS VALUES(63,'BEB CHAMPAGNE CHANDON 750ML RÉSERVE BRUT',0.8000000000000000444,4);
INSERT INTO PRODUTOS VALUES(64,'BEB ICE 51 275ML LIMAO',3.3999999999999999111,1);
INSERT INTO PRODUTOS VALUES(65,'BEB ICE 51 275ML MARACUJA',4.2999999999999998223,1);
INSERT INTO PRODUTOS VALUES(66,'BEB LICOR AMARULA 750ML',6.5999999999999996447,4);
INSERT INTO PRODUTOS VALUES(67,'BEB MARTINI 900ML DRY',4.7000000000000001776,4);
INSERT INTO PRODUTOS VALUES(68,'BEB QUENTAO CAMPO LARGO 750ML',1.1000000000000000888,5);
INSERT INTO PRODUTOS VALUES(69,'BEB RUN MONTILLA 1L OURO',4.7999999999999998223,4);
INSERT INTO PRODUTOS VALUES(70,'BEB SMIRNOFF ICE 275ML BLACK',6.0,1);
INSERT INTO PRODUTOS VALUES(71,'BEB SMIRNOFF ICE 275ML',0.8000000000000000444,1);
INSERT INTO PRODUTOS VALUES(72,'BEB TEQUILA JOSE CUERVO CLASSICO 750ML PREMIUM',1.0,4);
INSERT INTO PRODUTOS VALUES(73,'BEB VINHO BRANCO GIROLA 750ML NIAGARA SECO',8.1999999999999992894,5);
INSERT INTO PRODUTOS VALUES(74,'BEB VINHO CAMPO LARGO TINTO 4,6L SECO',6.2000000000000001776,5);
INSERT INTO PRODUTOS VALUES(75,'BEB VINHO CAMPO LARGO TINTO 4,6L SUAVE',8.5999999999999996447,5);
INSERT INTO PRODUTOS VALUES(76,'BEB VINHO RESERVADO CONCHA Y''TORRO 750ML CABERNET SAUVIGNON',7.7999999999999998223,4);
INSERT INTO PRODUTOS VALUES(77,'BEB VINHO RESERVADO CONCHA Y''TORRO 75ML SAUVIGNON BLANC',5.5999999999999996447,4);
INSERT INTO PRODUTOS VALUES(78,'BEB VODKA ABSOLUT 1L',3.2000000000000001776,4);
INSERT INTO PRODUTOS VALUES(79,'BEB VODKA NATASHA 1L',6.0,4);
INSERT INTO PRODUTOS VALUES(80,'BEB VODKA SMIRNOFF 998ML',5.0999999999999996447,4);
INSERT INTO PRODUTOS VALUES(81,'BEB WHISKY PASSPORT 1L',7.0999999999999996447,4);
INSERT INTO PRODUTOS VALUES(82,'BEBIDA LÁCTEA CHOCO LEITE 250ML',8.6999999999999992894,2);
INSERT INTO PRODUTOS VALUES(83,'BEBIDA LÁCTEA DANINHA 520G MORANGO',6.0,2);
INSERT INTO PRODUTOS VALUES(84,'BISC BAUDUCCO AMANTEIGADO 152G CHOCOLATE',2.7000000000000001776,7);
INSERT INTO PRODUTOS VALUES(85,'BISC BAUDUCCO AMANTEIGADO 152G LEITE C/GOTAS CHOCOLATE',0.5,7);
INSERT INTO PRODUTOS VALUES(86,'BISC BAUDUCCO COOKIES 260G CHOCOLATE LATA',3.5,7);
INSERT INTO PRODUTOS VALUES(87,'BISC BAUDUCCO WAFER 165G MORANGO',9.5999999999999996447,7);
INSERT INTO PRODUTOS VALUES(88,'BISC NESTLE NEGRESCO 160G ECLIPSE CHOCOLATE RECHEADO',7.2999999999999998223,7);
INSERT INTO PRODUTOS VALUES(89,'BLOQUEADOR FACIAL NIVEA SUN ANTIDADE 50G FPS 50',6.4000000000000003552,8);
INSERT INTO PRODUTOS VALUES(90,'BOLO ANA MARIA 80G BAUNILHA',5.5,7);
INSERT INTO PRODUTOS VALUES(91,'BOLO ANA MARIA 80G CHOCOLATE',6.2000000000000001776,7);
INSERT INTO PRODUTOS VALUES(92,'BOM AR AIR WICK AERO 400ML ACQUA MARINE',4.5,8);
INSERT INTO PRODUTOS VALUES(93,'CAFE CABOCLO 500G',2.7000000000000001776,7);
INSERT INTO PRODUTOS VALUES(94,'CAFE SOLUVEL IGUACU 50G LATA',1.8999999999999999111,7);
INSERT INTO PRODUTOS VALUES(95,'CALCULADORA CLASSE CLA-402 8 DIGITS',4.4000000000000003552,10);
INSERT INTO PRODUTOS VALUES(96,'CANETA BIC CRISTAL AZUL PRETA E VERMELHA',0.4000000000000000222,10);
INSERT INTO PRODUTOS VALUES(97,'CANETA BIC CRISTAL CX 50 UNIDADE AZUL',7.9000000000000003552,10);
INSERT INTO PRODUTOS VALUES(98,'CANETA BIC CRISTAL CX 50 UNIDADE PRETA',3.8999999999999999111,10);
INSERT INTO PRODUTOS VALUES(99,'CARTAO TIM CELULAR 15 UNIDADE',1.8000000000000000444,10);
INSERT INTO PRODUTOS VALUES(100,'CARTAO TIM CELULAR 16 UNIDADE',1.0,10);
INSERT INTO PRODUTOS VALUES(101,'CARTAO TIM CELULAR 25 UNIDADE',8.0,10);
INSERT INTO PRODUTOS VALUES(102,'CARVAO BOM DE BRASA 5KG PENEIRADO',8.1999999999999992894,8);
INSERT INTO PRODUTOS VALUES(103,'CASTANHA CAJU GRANOMEL 70G',5.5,9);
INSERT INTO PRODUTOS VALUES(104,'CATCHUP HELLMANN''S 190G ORIGINAL',5.7999999999999998223,7);
INSERT INTO PRODUTOS VALUES(105,'CERA AUTOMOTIVA PROAUTO 200ML RAPIDA',3.2000000000000001776,8);
INSERT INTO PRODUTOS VALUES(106,'CEREAL MATINAL KELLOGG''S 730G ORIGINAL',0.2000000000000000111,7);
INSERT INTO PRODUTOS VALUES(107,'CERV ANTARCTICA 350ML',1.3999999999999999111,1);
INSERT INTO PRODUTOS VALUES(108,'CERV ANTARCTICA 600ML GARRAFA',3.6000000000000000888,5);
INSERT INTO PRODUTOS VALUES(109,'CERV ANTARCTICA SUB ZERO 350ML LATA',8.0,1);
INSERT INTO PRODUTOS VALUES(110,'CERV BOHEMIA 350ML LATA',9.4000000000000003552,1);
INSERT INTO PRODUTOS VALUES(111,'CERV BRAHMA 350ML LATA',2.7000000000000001776,1);
INSERT INTO PRODUTOS VALUES(112,'CERV BRAHMA EXTRA 350ML LATA',1.1999999999999999555,1);
INSERT INTO PRODUTOS VALUES(113,'CERV BRAHMA LIBER 350ML LATA S/ALCOOL',4.0999999999999996447,1);
INSERT INTO PRODUTOS VALUES(114,'CERV HEINEKEN PREMIUM 350ML LATA',5.0999999999999996447,1);
INSERT INTO PRODUTOS VALUES(115,'CERV SKOL 350ML LATA',7.7000000000000001776,1);
INSERT INTO PRODUTOS VALUES(116,'CERV SKOL BEATS 330ML LONG NECK',9.5999999999999996447,1);
INSERT INTO PRODUTOS VALUES(117,'CERV STELLA ARTOIS 275ML LONG NECK',8.6999999999999992894,1);
INSERT INTO PRODUTOS VALUES(118,'CHÁ LEAO ICETEA 1,5L LIMAO',9.0999999999999996447,2);
INSERT INTO PRODUTOS VALUES(119,'CHÁ LEÃO ICETEA 1,5L PÊSSEGO',8.0999999999999996447,2);
INSERT INTO PRODUTOS VALUES(120,'CHÁ MATTE LEÃO 15G 15 SAQ HORTELÃ',6.5,2);
INSERT INTO PRODUTOS VALUES(121,'CHA MATTE LEAO 16G 10 SAQ CHA PRETO',1.6999999999999999555,2);
INSERT INTO PRODUTOS VALUES(122,'CHICLETE ADAMS BUBBALOO 300G C/60 MORANGO',8.4000000000000003552,9);
INSERT INTO PRODUTOS VALUES(123,'CHICLETE ADAMS BUBBALOO 300G C/60 TUTTI-FRUTTI',8.9000000000000003552,9);
INSERT INTO PRODUTOS VALUES(124,'CHICLETE ADAMS TRIDENT 178,5G 21UN CANELA',9.3000000000000007105,9);
INSERT INTO PRODUTOS VALUES(125,'CHICLETE ADAMS TRIDENT 178,5G 21UN HORTELA',6.2999999999999998223,9);
INSERT INTO PRODUTOS VALUES(126,'CHOCOLATE ARCOR TORTUGUITA 140G AO LEITE CROCANTE',6.2999999999999998223,9);
INSERT INTO PRODUTOS VALUES(127,'CHOCOLATE DORI DISQUETI 18G',5.7999999999999998223,9);
INSERT INTO PRODUTOS VALUES(128,'CHOCOLATE HERSHEY''S 130G AO LEITE',9.9000000000000003552,9);
INSERT INTO PRODUTOS VALUES(129,'CHOCOLATE KINDER OVO 20G',0.59999999999999997779,9);
INSERT INTO PRODUTOS VALUES(130,'CHOCOLATE LACTA AO LEITE 25G',8.5999999999999996447,9);
INSERT INTO PRODUTOS VALUES(131,'CHOCOLATE LACTA BIS 140G AO LEITE',10.0,9);
INSERT INTO PRODUTOS VALUES(132,'CHOCOLATE LACTA BOMBOM 1KG SONHO DE VALSA',2.2000000000000001776,9);
INSERT INTO PRODUTOS VALUES(133,'CHOCOLATE LACTA BOMBOM 21,5G OURO BRANCO',1.3000000000000000444,9);
INSERT INTO PRODUTOS VALUES(134,'CHOCOLATE LACTA DIAMANTE NEGRO 25G',1.6000000000000000888,9);
INSERT INTO PRODUTOS VALUES(135,'CHOCOLATE LACTA MEIO AMARGO E BRANCO 160G',8.4000000000000003552,9);
INSERT INTO PRODUTOS VALUES(136,'CHOCOLATE LACTA PAÇOQUINHA 25G',1.1999999999999999555,9);
INSERT INTO PRODUTOS VALUES(137,'CHOCOLATE M&M''S 104G AO LEITE',5.2000000000000001776,9);
INSERT INTO PRODUTOS VALUES(138,'CIGARRO HILTON AUTHENTIC CARTEIRA',5.9000000000000003552,11);
INSERT INTO PRODUTOS VALUES(139,'CIGARRO MARLBORO BOX CARTEIRA VERMELHO',5.2999999999999998223,11);
INSERT INTO PRODUTOS VALUES(140,'CIGARRO LUCKY STRIKE ORIGINAL SILVER CARTEIRA',1.0,11);
INSERT INTO PRODUTOS VALUES(141,'CREME BARBEAR BOZZANO 65G MENTOLADO',6.7000000000000001776,8);
INSERT INTO PRODUTOS VALUES(142,'CREME DENTAL COLGATE 50G MÁXIMA PROTEÇÃO ANTICÁRIES',6.7999999999999998223,8);
INSERT INTO PRODUTOS VALUES(143,'CREME DENTAL SENSODYNE 50G ORIGINAL',4.5,8);
INSERT INTO PRODUTOS VALUES(144,'CREME DENTAL TANDY 50G TUTTI FRUTTI',4.0,8);
INSERT INTO PRODUTOS VALUES(145,'CREME NIVEA 56G POTE AZUL',2.0,8);
INSERT INTO PRODUTOS VALUES(146,'CURATIVO BAND-AID JOHNSON&JOHNSON 10UN TRANSPARENTES',5.5,10);
INSERT INTO PRODUTOS VALUES(147,'DESOD REXONA AEROSOL 105G MEN V8',4.2999999999999998223,8);
INSERT INTO PRODUTOS VALUES(148,'DESOD REXONA AEROSOL 105G WOMEN CRYSTAL GOLD',7.7000000000000001776,8);
INSERT INTO PRODUTOS VALUES(149,'DOCE RITTER MORANGO 400G CREMOSO',3.6000000000000000888,7);
INSERT INTO PRODUTOS VALUES(150,'DOCE RITTER UVA 400G CREMOSO',1.1000000000000000888,7);
INSERT INTO PRODUTOS VALUES(151,'ENERGETICO GATORADE 500ML',1.5,2);
INSERT INTO PRODUTOS VALUES(152,'ENERGÉTICO RED BULL 355ML',9.5,2);
INSERT INTO PRODUTOS VALUES(153,'ENXAG BUCAL COLGATE PLAX 250ML CLASSIC',7.5999999999999996447,8);
INSERT INTO PRODUTOS VALUES(154,'ERVA MATE CHARRUA 1KG TRADICIONAL',3.1000000000000000888,7);
INSERT INTO PRODUTOS VALUES(155,'ESCOVA DENTAL COLGATE CLASSIC CLEAN MACIA',4.4000000000000003552,8);
INSERT INTO PRODUTOS VALUES(156,'ESMALTE COLORAMA ARTISTICA 8ML AZUL ROYAL',9.3000000000000007105,8);
INSERT INTO PRODUTOS VALUES(157,'ESPUMA BARBEAR BOZZANO 150G HORTELA FRIOGEL',7.2000000000000001776,8);
INSERT INTO PRODUTOS VALUES(158,'FILTRO PAPEL 3 CORAÇÕES 102 30UN',3.6000000000000000888,8);
INSERT INTO PRODUTOS VALUES(159,'FIO DENTAL COLGATE ENCERADO 50M MENTA',5.5999999999999996447,8);
INSERT INTO PRODUTOS VALUES(160,'FITA ACRILICA FITAX 48X50MT TRANSPARENTE',7.2999999999999998223,10);
INSERT INTO PRODUTOS VALUES(161,'FITA CREPE ADELBRAS 10M UNIDADE',0.4000000000000000222,10);
INSERT INTO PRODUTOS VALUES(162,'FLAN ROYAL 40G BAUNILHA',0.5,3);
INSERT INTO PRODUTOS VALUES(163,'FLAN ROYAL 40G CHOCOLATE',9.6999999999999992894,3);
INSERT INTO PRODUTOS VALUES(164,'FOGUETE CARAMURU APITO 12UN C/VARA CORES',0.5,8);
INSERT INTO PRODUTOS VALUES(165,'FOGUETE CARAMURU APITO 12UN C/VARA TIRO',1.5,8);
INSERT INTO PRODUTOS VALUES(166,'FOSFORO FIAT LUX COZINHA 240UN LONGO',4.0,10);
INSERT INTO PRODUTOS VALUES(167,'FOSFORO FIAT LUX PINHEIRO 10UN PEQUENO',7.4000000000000003552,10);
INSERT INTO PRODUTOS VALUES(168,'FRALDA DESC PAMPERS SUPERSEC TAM G 28UN PACOTÃO ECONÔMICO',0.69999999999999995559,8);
INSERT INTO PRODUTOS VALUES(169,'FRALDA DESC PAMPERS SUPERSEC TAM M 32UN PACOTÃO ECONÔMICO',2.7999999999999998223,8);
INSERT INTO PRODUTOS VALUES(170,'GELO BIG BOM',5.9000000000000003552,3);
INSERT INTO PRODUTOS VALUES(171,'GELO MINERALE 3KG',5.2000000000000001776,3);
INSERT INTO PRODUTOS VALUES(172,'GUARDANAPO BOB 20CM X 23CM 50UN',3.7999999999999998223,8);
INSERT INTO PRODUTOS VALUES(173,'HOT POCKET SADIA PIZZA 100G CALABRESA',5.7999999999999998223,3);
INSERT INTO PRODUTOS VALUES(174,'HOT POCKET SADIA PIZZA 100G FRANGO C/REQUEIJAO',3.2999999999999998223,3);
INSERT INTO PRODUTOS VALUES(175,'IOGURTE TIROL 180G FRUTAS VERMELHAS',8.6999999999999992894,2);
INSERT INTO PRODUTOS VALUES(176,'IOGURTE TIROL 180G MORANGO',0.5,2);
INSERT INTO PRODUTOS VALUES(177,'ISQUEIRO BIC MAXI',2.6000000000000000888,10);
INSERT INTO PRODUTOS VALUES(178,'ISQUEIRO BIC MINI',6.2999999999999998223,10);
INSERT INTO PRODUTOS VALUES(179,'KIT JOHNSON''S BABY SHAMPO+CONDIC 200ML TODO TIPO CABELO',8.3000000000000007105,8);
INSERT INTO PRODUTOS VALUES(180,'LAPIS BIC EVOLUTION HB NUM.2',5.2000000000000001776,10);
INSERT INTO PRODUTOS VALUES(181,'LAPISEIRA FABER CASTELL POLY SUPER GRIP 0.5MM',7.9000000000000003552,10);
INSERT INTO PRODUTOS VALUES(182,'LASANHA SADIA 650G 4 QUEIJOS',0.4000000000000000222,3);
INSERT INTO PRODUTOS VALUES(183,'LASANHA SADIA 650G PEITO DE PERU',0.29999999999999998889,3);
INSERT INTO PRODUTOS VALUES(184,'LAVA AUTO PROAUTO 500ML NEUTRO',5.7999999999999998223,8);
INSERT INTO PRODUTOS VALUES(185,'LENCO PAPEL KLEENEX 10UN 21X21CM EXTRA MACIO',6.2999999999999998223,8);
INSERT INTO PRODUTOS VALUES(186,'LENÇO UMEDEÇIDO COTTONBABY 300UN 20X12CM REFIL',5.0,8);
INSERT INTO PRODUTOS VALUES(187,'LIMP PNEU PROAUTO 500ML',5.2999999999999998223,8);
INSERT INTO PRODUTOS VALUES(188,'LIXA P/UNHA MUNDIAL CLASSIC 6UN',4.0999999999999996447,10);
INSERT INTO PRODUTOS VALUES(189,'LOCAO BLOQUEADORA SUNDOWN 120ML FPS 30',5.7000000000000001776,8);
INSERT INTO PRODUTOS VALUES(190,'LOCAO BLOQUEADORA SUNDOWN 120ML FPS 50',1.0,8);
INSERT INTO PRODUTOS VALUES(191,'MAIONESE HELLMANN''S 196G',4.0,7);
INSERT INTO PRODUTOS VALUES(192,'MAIZENA DURYEA 200G',8.0,7);
INSERT INTO PRODUTOS VALUES(193,'MARCA TEXTO ACRILEX 2 EM 1 FLUORESCENTE',4.2999999999999998223,10);
INSERT INTO PRODUTOS VALUES(194,'MARCADOR P/CD FABER CASTELL PRETO',9.0,10);
INSERT INTO PRODUTOS VALUES(195,'MARSHMALLOW FINI 60G CORACAO',7.9000000000000003552,7);
INSERT INTO PRODUTOS VALUES(196,'MASSA NISSIN CUP NEODLES 64G',5.9000000000000003552,7);
INSERT INTO PRODUTOS VALUES(197,'MASSA NISSIN LAMEN MIOJO 80G GALINHA CAIPIRA LIGHT',0.29999999999999998889,7);
INSERT INTO PRODUTOS VALUES(198,'MASSA NISSIN LAMEN MIOJO 85G CARNE',5.2999999999999998223,7);
INSERT INTO PRODUTOS VALUES(199,'MEL BUSS PURO 260G BISNAGA',6.5999999999999996447,7);
INSERT INTO PRODUTOS VALUES(200,'MILHO PIPOCA KANTY 400G PREMIUM',4.2999999999999998223,7);
INSERT INTO PRODUTOS VALUES(201,'MINI PASTILHAS ADAMS TRIDENT 6,6G MENTA',5.2000000000000001776,9);
INSERT INTO PRODUTOS VALUES(202,'MOSTARDA HELLMANN''S 200G AMARELA',4.2000000000000001776,7);
INSERT INTO PRODUTOS VALUES(203,'MUCILON NESTLE 400G LATA ARROZ',6.4000000000000003552,7);
INSERT INTO PRODUTOS VALUES(204,'ODORIZANTE PROAUTO 60G GEL CARRO NOVO',5.5,8);
INSERT INTO PRODUTOS VALUES(205,'ODORIZANTE PROAUTO 60G GEL FANTASY',8.3000000000000007105,8);
INSERT INTO PRODUTOS VALUES(206,'PALITO P/CHURRASCO GINA 100UN 25CM GRANDE',5.7000000000000001776,8);
INSERT INTO PRODUTOS VALUES(207,'PALITO P/DENTE GINA 100UN',5.0,8);
INSERT INTO PRODUTOS VALUES(208,'PAPEL HIG BOB C/8 30M NEUTRO',4.5,8);
INSERT INTO PRODUTOS VALUES(209,'PASTEL ASSADO CARNE SANTA LURDES KG',4.7999999999999998223,3);
INSERT INTO PRODUTOS VALUES(210,'PASTEL CARNE SANTA LURDES KG',7.5999999999999996447,3);
INSERT INTO PRODUTOS VALUES(211,'PASTEL QUEIJO PRESUNTO SANTA LURDES KG',7.7999999999999998223,3);
INSERT INTO PRODUTOS VALUES(212,'PE DE MOLEQUE C/CHOCOLATE 22G',7.7000000000000001776,9);
INSERT INTO PRODUTOS VALUES(213,'PICOLE STRINGARI 45G CHOCOCO',6.5,6);
INSERT INTO PRODUTOS VALUES(214,'PICOLE STRINGARI 55G FRUTA LIMAO',5.5999999999999996447,6);
INSERT INTO PRODUTOS VALUES(215,'PICOLE STRINGARI 55G FRUTA MARACUJA',0.5,6);
INSERT INTO PRODUTOS VALUES(216,'PICOLE STRINGARI 55G FRUTA UVA',8.1999999999999992894,6);
INSERT INTO PRODUTOS VALUES(217,'PICOLE STRINGARI 55G MORANGO AO LEITE',10.0,6);
INSERT INTO PRODUTOS VALUES(218,'PILHA PANASSONIC POWER ALCALINA 2UN AA',5.0999999999999996447,10);
INSERT INTO PRODUTOS VALUES(219,'PILHA PANASSONIC POWER ALCALINA 2UN AAA LR03-2BT',2.0,10);
INSERT INTO PRODUTOS VALUES(220,'PILHA RAYOVAC 2UN C',0.69999999999999995559,10);
INSERT INTO PRODUTOS VALUES(221,'PILHA RAYOVAC 2UN D',1.3000000000000000444,10);
INSERT INTO PRODUTOS VALUES(222,'PILHA RAYOVAC 4UN AA',6.5,10);
INSERT INTO PRODUTOS VALUES(223,'PINÇA MARCO BONI AÇO INOX DECORADA PONTA CHANFRADA',8.3000000000000007105,10);
INSERT INTO PRODUTOS VALUES(224,'PIPOCA BILU 35G DOCE',1.8000000000000000444,7);
INSERT INTO PRODUTOS VALUES(225,'PIPOCA BILU 35G SALGADA',1.1000000000000000888,7);
INSERT INTO PRODUTOS VALUES(226,'PIPOCA KANTY POP CORN 100G P/MICRO MANTEIGA',7.2999999999999998223,7);
INSERT INTO PRODUTOS VALUES(227,'PIPOCA KANTY POP CORN 100G P/MICRO NATURAL',4.7000000000000001776,7);
INSERT INTO PRODUTOS VALUES(228,'PIRULITO ARCOR 7 BELO 700G FRAMBOESA',0.5,9);
INSERT INTO PRODUTOS VALUES(229,'PIRULITO ARCOR 7 BELO 700G MORANGO',5.0999999999999996447,9);
INSERT INTO PRODUTOS VALUES(230,'PIRULITO ARCOR BIG BIG 800G CEREJA',1.3000000000000000444,9);
INSERT INTO PRODUTOS VALUES(231,'PIRULITO ARCOR BIG BIG 800G TUTTI FRUTTI',5.0999999999999996447,9);
INSERT INTO PRODUTOS VALUES(232,'PIZZA PERDIGAO 460G 1/2 MUSSRELA 1/2 FRANGO CATUPI',0.69999999999999995559,3);
INSERT INTO PRODUTOS VALUES(233,'PIZZA PERDIGAO 460G 4 QUEIJOS',1.1000000000000000888,3);
INSERT INTO PRODUTOS VALUES(234,'PIZZA PERDIGAO 460G CALABRESA',6.4000000000000003552,3);
INSERT INTO PRODUTOS VALUES(235,'PIZZA PERDIGAO 460G FRANGO C/CATUPIRY',9.3000000000000007105,3);
INSERT INTO PRODUTOS VALUES(236,'PIZZA PERDIGAO 460G LOMBO C/ CATUPIRY',1.6999999999999999555,3);
INSERT INTO PRODUTOS VALUES(237,'PIZZA PERDIGAO 460G MEIA CALABRESA MUSSARELA',2.7000000000000001776,3);
INSERT INTO PRODUTOS VALUES(238,'PRATO DESCART COPOBRAS 18CM 10UN BRANCO',6.9000000000000003552,8);
INSERT INTO PRODUTOS VALUES(239,'PRESERVATIVO BLOWTEX 3UN ESPERMICIDA',9.5999999999999996447,10);
INSERT INTO PRODUTOS VALUES(240,'PRESERVATIVO BLOWTEX 3UN EXTRA GRANDE',8.0999999999999996447,10);
INSERT INTO PRODUTOS VALUES(241,'PRESERVATIVO BLOWTEX 3UN LUBRIFICADO',6.9000000000000003552,10);
INSERT INTO PRODUTOS VALUES(242,'QUEROSENE CANARIO 750ML',9.0999999999999996447,8);
INSERT INTO PRODUTOS VALUES(243,'QUINDIM DR OETKER 220G C/COCO RALADO',0.8000000000000000444,3);
INSERT INTO PRODUTOS VALUES(244,'REFR COCA COLA 350ML LATA ZERO ACUCAR',1.8000000000000000444,2);
INSERT INTO PRODUTOS VALUES(245,'REFR COCA COLA 350ML LATA',8.9000000000000003552,2);
INSERT INTO PRODUTOS VALUES(246,'REFR COCA COLA 600ML ZERO ACUCAR',9.3000000000000007105,2);
INSERT INTO PRODUTOS VALUES(247,'REFR COCA COLA 600ML',8.0999999999999996447,2);
INSERT INTO PRODUTOS VALUES(248,'REFR FANTA 350ML LATA LARANJA',4.9000000000000003552,2);
INSERT INTO PRODUTOS VALUES(249,'REFR FANTA 350ML LATA UVA',8.0,2);
INSERT INTO PRODUTOS VALUES(250,'REFR GUARANA ANTARCTICA 350ML LATA',6.0999999999999996447,2);
INSERT INTO PRODUTOS VALUES(251,'REFR GUARANA KUAT 350ML LATA',9.8000000000000007105,2);
INSERT INTO PRODUTOS VALUES(252,'REFR PEPSI 350ML LATA',8.0,2);
INSERT INTO PRODUTOS VALUES(253,'REFR PEPSI TWIST 350ML LATA',8.9000000000000003552,2);
INSERT INTO PRODUTOS VALUES(254,'REMOVEDOR ESMALTE BUTTERFLY 100ML',1.3000000000000000444,8);
INSERT INTO PRODUTOS VALUES(255,'RISOLIS DE FRANGO SANTA LURDES KG',1.0,3);
INSERT INTO PRODUTOS VALUES(256,'RISOLIS DE PIZZA SANTA LURDES KG',3.5,3);
INSERT INTO PRODUTOS VALUES(257,'ROCAMBOLE BAUDUCCO 190G CHOCOLATE',9.9000000000000003552,3);
INSERT INTO PRODUTOS VALUES(258,'ROSCA POLVILHO SABOR DE FORNO 70G INTEGRAL',3.7000000000000001776,7);
INSERT INTO PRODUTOS VALUES(259,'ROSCA POLVILHO SABOR DE FORNO 80G CALABRESA',0.9000000000000000222,7);
INSERT INTO PRODUTOS VALUES(260,'SAB DOVE 75G SABONETE CREMOSO',6.2000000000000001776,8);
INSERT INTO PRODUTOS VALUES(261,'SAB JOHNSON''S BABY 80G GLICERINADO',1.5,8);
INSERT INTO PRODUTOS VALUES(262,'SAB LIQUIDO JOHNSON''S BABY 200ML HORA DO SONO',3.1000000000000000888,8);
INSERT INTO PRODUTOS VALUES(263,'SACA ROLHA DIMIX INOX',5.2999999999999998223,10);
INSERT INTO PRODUTOS VALUES(264,'SACO LIXO EMBRAST 100L 5UN',8.6999999999999992894,8);
INSERT INTO PRODUTOS VALUES(265,'SAL AJINOMOTO AJI SAL 1KG REFINADO',0.4000000000000000222,7);
INSERT INTO PRODUTOS VALUES(266,'SALG BILU BILUZITOS 51G BACON',5.7999999999999998223,7);
INSERT INTO PRODUTOS VALUES(267,'SALG ELMA CHIPS BACONZITOS 55G',4.2000000000000001776,7);
INSERT INTO PRODUTOS VALUES(268,'SALG ELMA CHIPS CEBOLITOS 66G',6.5999999999999996447,7);
INSERT INTO PRODUTOS VALUES(269,'SALG ELMA CHIPS CHEETOS 50G REQUEIJAO',3.2999999999999998223,7);
INSERT INTO PRODUTOS VALUES(270,'SALG ELMA CHIPS CHEETOS 50G TUBO CHEDDAR',1.1000000000000000888,7);
INSERT INTO PRODUTOS VALUES(271,'SALG ELMA CHIPS CHEETOS 51G PARMESAO',0.10000000000000000555,7);
INSERT INTO PRODUTOS VALUES(272,'SALG ELMA CHIPS DE MONTÃO 75G RUFFLES/DORITOS/BACONZITOS',3.0,7);
INSERT INTO PRODUTOS VALUES(273,'SALG ELMA CHIPS DORITOS 50G ORIGINAL',9.0999999999999996447,7);
INSERT INTO PRODUTOS VALUES(274,'SALG ELMA CHIPS FANDANGOS 66G PRESUNTO',1.6999999999999999555,7);
INSERT INTO PRODUTOS VALUES(275,'SALG ELMA CHIPS FANDANGOS 66G QUEIJO',1.3999999999999999111,7);
INSERT INTO PRODUTOS VALUES(276,'SALG ELMA CHIPS PINGO D''OURO 65G PICANHA',7.5,7);
INSERT INTO PRODUTOS VALUES(277,'SALG ELMA CHIPS RUFFLES 150G ORIGINAL',1.8999999999999999111,7);
INSERT INTO PRODUTOS VALUES(278,'SALG ELMA CHIPS STIKSY 90G',5.4000000000000003552,7);
INSERT INTO PRODUTOS VALUES(279,'SALSICHA EMPANADA SANTA LURDES KG',6.5999999999999996447,3);
INSERT INTO PRODUTOS VALUES(280,'SAND HAVAIANA TRADIC AZUL 37/38',4.9000000000000003552,8);
INSERT INTO PRODUTOS VALUES(281,'SAND HAVAIANA TRADIC AZUL 39/40',9.4000000000000003552,8);
INSERT INTO PRODUTOS VALUES(282,'SANDUICHE AMERICANO SANTA LURDES KG',4.7999999999999998223,3);
INSERT INTO PRODUTOS VALUES(283,'SANDUICHE ATUM SANTA LURDES KG',2.1000000000000000888,3);
INSERT INTO PRODUTOS VALUES(284,'SANDUICHE SADIA HOT POCKET 145G X-BURGUER',5.5999999999999996447,3);
INSERT INTO PRODUTOS VALUES(285,'SANDUICHE SADIA HOT POCKET 145G X-PICANHA',8.5,3);
INSERT INTO PRODUTOS VALUES(286,'SHAMPOO PANTENE C/CONDICIONADOR 200ML LISO E SEDOSO',9.4000000000000003552,8);
INSERT INTO PRODUTOS VALUES(287,'SHAMPOO PANTENE C/CONDICIONADOR 200ML REPARAÇÃO INTENSA',4.7999999999999998223,8);
INSERT INTO PRODUTOS VALUES(288,'SHAMPOO TURMA MONICA 200ML C/CAMOMILA E ALOE VERA',7.4000000000000003552,8);
INSERT INTO PRODUTOS VALUES(289,'SHAMPOO TURMA MONICA 200ML SUAVE',9.4000000000000003552,8);
INSERT INTO PRODUTOS VALUES(290,'SILICONE GEL AUTO SHINE 200G',9.3000000000000007105,8);
INSERT INTO PRODUTOS VALUES(291,'SOBREMESA NESTLE CHANDELLE 150G PEDACOS CHOCOLATE CHIP',8.5999999999999996447,3);
INSERT INTO PRODUTOS VALUES(292,'SOBREMESA NESTLE FLAN 220G BAUNILHA C/CARAMELO',1.0,3);
INSERT INTO PRODUTOS VALUES(293,'SOBREMESA NESTLE FLAN 220G BAUNILHA C/MORANGO',6.7000000000000001776,3);
INSERT INTO PRODUTOS VALUES(294,'SONHO ASSADO MAÇÂ C/CANELA STA LURDES KG',4.7999999999999998223,3);
INSERT INTO PRODUTOS VALUES(295,'SONHO BRIGADEIRO SANTA LURDES KG',6.5,3);
INSERT INTO PRODUTOS VALUES(296,'SONHO CREME SANTA LURDES KG',7.5,3);
INSERT INTO PRODUTOS VALUES(297,'SOPA VONO 15G CALDINHO CEBOLA C/CROUTONS',5.0999999999999996447,7);
INSERT INTO PRODUTOS VALUES(298,'SOPA VONO 20G CALDINHO DE FEIJÃO',9.6999999999999992894,7);
INSERT INTO PRODUTOS VALUES(299,'SOPA VONO 20G MANDIOQUINHA C/CEBOLA E SALSA',7.9000000000000003552,7);
INSERT INTO PRODUTOS VALUES(300,'SORVETE NESTLE 2L CREME',6.0999999999999996447,6);
INSERT INTO PRODUTOS VALUES(301,'SORVETE NESTLÉ 597G PRESTIGIO',6.5,6);
INSERT INTO PRODUTOS VALUES(302,'SORVETE NESTLE HEAVEN 1L FRUTAS VERMELHAS',2.2000000000000001776,6);
INSERT INTO PRODUTOS VALUES(303,'SORVETE NESTLE MOCA 1,8L BRIGADEIRO DUPLO',6.2999999999999998223,6);
INSERT INTO PRODUTOS VALUES(304,'SORVETE NESTLÉ MOÇA FIESTA 499G COCADA',1.6999999999999999555,6);
INSERT INTO PRODUTOS VALUES(305,'SPRAY BUCAL DENTIL PLUS 15ML MENTA',0.69999999999999995559,7);
INSERT INTO PRODUTOS VALUES(306,'STRUDEL BANANA SANTA LURDES KG',8.4000000000000003552,3);
INSERT INTO PRODUTOS VALUES(307,'STRUDEL MAÇÃ UVAS/NOZES SANTA LURDES KG',4.0,3);
INSERT INTO PRODUTOS VALUES(308,'SUCO DEL VALLE FRUT 300ML LIMAO',8.4000000000000003552,2);
INSERT INTO PRODUTOS VALUES(309,'SUCO DEL VALLE FRUT 300ML UVA',1.0,2);
INSERT INTO PRODUTOS VALUES(310,'SUCO DEL VALLE FRUT 450ML LIMÃO',4.7999999999999998223,2);
INSERT INTO PRODUTOS VALUES(311,'SUCO KAPO 200ML TP LARANJA',5.2999999999999998223,2);
INSERT INTO PRODUTOS VALUES(312,'SUCO KAPO 200ML TP MARACUJA',5.5,2);
INSERT INTO PRODUTOS VALUES(313,'SUCO KAPO 200ML TP UVA',3.0,2);
INSERT INTO PRODUTOS VALUES(314,'TALCO ANJINHO 200G AZUL',1.6999999999999999555,8);
INSERT INTO PRODUTOS VALUES(315,'TALCO ANJINHO 200G ROSA',9.4000000000000003552,8);
INSERT INTO PRODUTOS VALUES(316,'TESOURA CONCEPT REF 619712',9.5999999999999996447,10);
INSERT INTO PRODUTOS VALUES(317,'TORRADA BAUDUCCO 160G DOCE',8.8000000000000007105,7);
INSERT INTO PRODUTOS VALUES(318,'TORRONE ARCOR TURRON Y MANI 25G',3.8999999999999999111,9);
INSERT INTO PRODUTOS VALUES(319,'TORTA 4 LEITES SANTA LURDES KG',1.1999999999999999555,3);
INSERT INTO PRODUTOS VALUES(320,'TORTA NESTLE 1,125L TORTA NAPOLITANO',9.6999999999999992894,3);
INSERT INTO PRODUTOS VALUES(321,'VINAGRE HEINIG 750ML AGRIN VINHO BRANCO',9.9000000000000003552,7);
INSERT INTO PRODUTOS VALUES(322,'VINAGRE HEINIG 900ML ALCOOL',2.0,7);
CREATE TABLE PRATELEIRAS(
    PRATELEIRA_ID INTEGER PRIMARY KEY AUTOINCREMENT,
    PRATELEIRA_NOME TEXT NOT NULL,
    PRATELEIRA_LOCALIZACAO TEXT NOT NULL
);
INSERT INTO PRATELEIRAS VALUES(1,'prateleira alcoolicos','freezer bebidas');
INSERT INTO PRATELEIRAS VALUES(2,'prateleira não alcoolicos','freezer bebidas');
INSERT INTO PRATELEIRAS VALUES(3,'freezer comidas congeladas','no fundo a direita');
INSERT INTO PRATELEIRAS VALUES(4,'prateleira importados','canto das bebidas');
INSERT INTO PRATELEIRAS VALUES(5,'prateleira nacionais','');
INSERT INTO PRATELEIRAS VALUES(6,'freezer picoles/sorvetes','proximo a entrada');
INSERT INTO PRATELEIRAS VALUES(7,'prateleira superior','corredor central');
INSERT INTO PRATELEIRAS VALUES(8,'prateleira inferior','corredor central');
INSERT INTO PRATELEIRAS VALUES(9,'nicho doces','em frente ao caixa');
INSERT INTO PRATELEIRAS VALUES(10,'nicho de utilidades','atras do caixa');
INSERT INTO PRATELEIRAS VALUES(11,'nicho de cigarros','atras do caixa');
CREATE TABLE NOTAS (
	NOTA_ID INTEGER PRIMARY KEY AUTOINCREMENT,
	NOTA_DATA_EMISSAO DATE NOT NULL,
	NOTA_NUMERO INTEGER NOT NULL,
	NOTA_CLIENTE INTEGER NOT NULL,
	NOTA_ATENDENTE INTEGER NOT NULL,
	CONSTRAINT NOTAS_FK FOREIGN KEY (NOTA_CLIENTE) REFERENCES CLIENTES(CLIENTE_ID),
	CONSTRAINT NOTAS_FK_1 FOREIGN KEY (NOTA_ATENDENTE) REFERENCES ATENDENTES(ATENDENTE_ID)
);
INSERT INTO NOTAS VALUES(1,'2022-01-1',10001,1,1);
INSERT INTO NOTAS VALUES(2,'2022-01-7',10002,45,6);
INSERT INTO NOTAS VALUES(3,'2022-01-15',10003,39,7);
INSERT INTO NOTAS VALUES(4,'2022-01-23',10004,54,3);
INSERT INTO NOTAS VALUES(5,'2022-01-30',10005,72,8);
INSERT INTO NOTAS VALUES(6,'2022-02-2',10006,88,9);
INSERT INTO NOTAS VALUES(7,'2022-02-8',10007,69,4);
INSERT INTO NOTAS VALUES(8,'2022-02-16',10008,172,5);
INSERT INTO NOTAS VALUES(9,'2022-02-24',10009,179,2);
INSERT INTO NOTAS VALUES(10,'2022-02-28',10010,165,6);
INSERT INTO NOTAS VALUES(11,'2022-03-3',10011,38,9);
INSERT INTO NOTAS VALUES(12,'2022-03-9',10012,125,9);
INSERT INTO NOTAS VALUES(13,'2022-03-17',10013,161,6);
INSERT INTO NOTAS VALUES(14,'2022-03-25',10014,10,5);
INSERT INTO NOTAS VALUES(15,'2022-03-31',10015,136,7);
INSERT INTO NOTAS VALUES(16,'2022-04-4',10016,182,4);
INSERT INTO NOTAS VALUES(17,'2022-04-10',10017,169,2);
INSERT INTO NOTAS VALUES(18,'2022-04-18',10018,27,4);
INSERT INTO NOTAS VALUES(19,'2022-04-26',10019,16,3);
INSERT INTO NOTAS VALUES(20,'2022-04-29',10020,81,2);
INSERT INTO NOTAS VALUES(21,'2022-05-5',10021,31,7);
INSERT INTO NOTAS VALUES(22,'2022-05-13',10022,143,1);
INSERT INTO NOTAS VALUES(23,'2022-05-19',10023,11,7);
INSERT INTO NOTAS VALUES(24,'2022-05-26',10024,193,1);
INSERT INTO NOTAS VALUES(25,'2022-05-27',10025,43,9);
INSERT INTO NOTAS VALUES(26,'2022-06-6',10026,33,8);
INSERT INTO NOTAS VALUES(27,'2022-06-11',10027,160,6);
INSERT INTO NOTAS VALUES(28,'2022-06-12',10028,83,3);
INSERT INTO NOTAS VALUES(29,'2022-06-14',10029,52,2);
INSERT INTO NOTAS VALUES(30,'2022-06-20',10030,106,2);
CREATE TABLE ITENSNOTAS (
	ITENSNOTA_ID INTEGER PRIMARY KEY AUTOINCREMENT,
	ITENSNOTA_SEQUENCIA INTEGER NOT NULL,
	ITENSNOTA_PRODUTO INTEGER NOT NULL,
	ITENSNOTA_QUANTIDADE INTEGER NOT NULL,
	ITENSNOTA_VALOR_UNITARIO FLOAT NOT NULL,
	ITENSNOTA_VALOR_TOTAL FLOAT NOT NULL,
	ITENSNOTA_NOTA_ID INTEGER NOT NULL,
	CONSTRAINT ITENSNOTAS_FK FOREIGN KEY (ITENSNOTA_NOTA_ID) REFERENCES NOTAS(NOTA_ID) ON DELETE RESTRICT ON UPDATE RESTRICT
);
INSERT INTO ITENSNOTAS VALUES(1,1,108,2,3.6000000000000000888,7.2000000000000001776,1);
INSERT INTO ITENSNOTAS VALUES(2,2,3,5,3.0,15.0,1);
INSERT INTO ITENSNOTAS VALUES(3,3,67,2,4.7000000000000001776,9.4000000000000003552,1);
INSERT INTO ITENSNOTAS VALUES(4,4,213,2,6.5,13.0,1);
INSERT INTO ITENSNOTAS VALUES(5,5,278,5,5.4000000000000003552,27.0,1);
INSERT INTO ITENSNOTAS VALUES(6,6,76,2,7.7999999999999998223,15.599999999999999644,1);
INSERT INTO ITENSNOTAS VALUES(7,7,72,1,1.0,1.0,1);
INSERT INTO ITENSNOTAS VALUES(8,8,113,5,4.0999999999999996447,20.499999999999999999,1);
INSERT INTO ITENSNOTAS VALUES(9,9,104,3,5.7999999999999998223,17.399999999999998578,1);
INSERT INTO ITENSNOTAS VALUES(10,10,282,2,4.7999999999999998223,9.5999999999999996447,1);
INSERT INTO ITENSNOTAS VALUES(11,11,68,4,1.1000000000000000888,4.4000000000000003552,1);
INSERT INTO ITENSNOTAS VALUES(12,12,123,5,8.9000000000000003552,44.499999999999999998,1);
INSERT INTO ITENSNOTAS VALUES(13,13,318,4,3.8999999999999999111,15.599999999999999644,1);
INSERT INTO ITENSNOTAS VALUES(14,14,98,4,3.8999999999999999111,15.599999999999999644,1);
INSERT INTO ITENSNOTAS VALUES(15,15,41,1,7.9000000000000003552,7.9000000000000003552,1);
INSERT INTO ITENSNOTAS VALUES(16,16,100,1,1.0,1.0,1);
INSERT INTO ITENSNOTAS VALUES(17,17,153,1,7.5999999999999996447,7.5999999999999996447,1);
INSERT INTO ITENSNOTAS VALUES(18,18,226,5,7.2999999999999998223,36.5,1);
INSERT INTO ITENSNOTAS VALUES(19,19,1,3,8.8000000000000007105,26.399999999999998578,1);
INSERT INTO ITENSNOTAS VALUES(20,20,176,3,0.5,1.5,1);
INSERT INTO ITENSNOTAS VALUES(21,21,7,5,3.0,15.0,1);
INSERT INTO ITENSNOTAS VALUES(22,22,292,1,1.0,1.0,1);
INSERT INTO ITENSNOTAS VALUES(23,23,281,3,9.4000000000000003552,28.19999999999999929,1);
INSERT INTO ITENSNOTAS VALUES(24,24,210,4,7.5999999999999996447,30.399999999999998579,1);
INSERT INTO ITENSNOTAS VALUES(25,25,312,5,5.5,27.5,1);
INSERT INTO ITENSNOTAS VALUES(26,26,5,3,4.7000000000000001776,14.099999999999999645,1);
INSERT INTO ITENSNOTAS VALUES(27,27,155,4,4.4000000000000003552,17.600000000000001421,1);
INSERT INTO ITENSNOTAS VALUES(28,28,289,1,9.4000000000000003552,9.4000000000000003552,1);
INSERT INTO ITENSNOTAS VALUES(29,29,110,2,9.4000000000000003552,18.80000000000000071,1);
INSERT INTO ITENSNOTAS VALUES(30,30,229,3,5.0999999999999996447,15.30000000000000071,1);
INSERT INTO ITENSNOTAS VALUES(31,1,101,5,8.0,40.0,2);
INSERT INTO ITENSNOTAS VALUES(32,2,312,2,5.5,11.0,2);
INSERT INTO ITENSNOTAS VALUES(33,3,236,4,1.6999999999999999555,6.7999999999999998223,2);
INSERT INTO ITENSNOTAS VALUES(34,4,242,1,9.0999999999999996447,9.0999999999999996447,2);
INSERT INTO ITENSNOTAS VALUES(35,5,281,3,9.4000000000000003552,28.19999999999999929,2);
INSERT INTO ITENSNOTAS VALUES(36,6,140,4,1.0,4.0,2);
INSERT INTO ITENSNOTAS VALUES(37,7,314,1,1.6999999999999999555,1.6999999999999999555,2);
INSERT INTO ITENSNOTAS VALUES(38,8,42,5,2.6000000000000000888,13.0,2);
INSERT INTO ITENSNOTAS VALUES(39,9,268,5,6.5999999999999996447,33.0,2);
INSERT INTO ITENSNOTAS VALUES(40,10,279,5,6.5999999999999996447,33.0,2);
INSERT INTO ITENSNOTAS VALUES(41,11,179,5,8.3000000000000007105,41.5,2);
INSERT INTO ITENSNOTAS VALUES(42,12,190,5,1.0,5.0,2);
INSERT INTO ITENSNOTAS VALUES(43,13,243,5,0.8000000000000000444,4.0,2);
INSERT INTO ITENSNOTAS VALUES(44,14,166,2,4.0,8.0,2);
INSERT INTO ITENSNOTAS VALUES(45,15,95,4,4.4000000000000003552,17.600000000000001421,2);
INSERT INTO ITENSNOTAS VALUES(46,16,59,5,8.1999999999999992894,41.0,2);
INSERT INTO ITENSNOTAS VALUES(47,17,62,5,9.8000000000000007105,49.0,2);
INSERT INTO ITENSNOTAS VALUES(48,18,68,5,1.1000000000000000888,5.5,2);
INSERT INTO ITENSNOTAS VALUES(49,19,182,3,0.4000000000000000222,1.1999999999999999555,2);
INSERT INTO ITENSNOTAS VALUES(50,20,9,3,5.9000000000000003552,17.699999999999999289,2);
INSERT INTO ITENSNOTAS VALUES(51,21,319,5,1.1999999999999999555,6.0,2);
INSERT INTO ITENSNOTAS VALUES(52,22,259,4,0.9000000000000000222,3.6000000000000000888,2);
INSERT INTO ITENSNOTAS VALUES(53,23,318,5,3.8999999999999999111,19.5,2);
INSERT INTO ITENSNOTAS VALUES(54,24,136,1,1.1999999999999999555,1.1999999999999999555,2);
INSERT INTO ITENSNOTAS VALUES(55,25,195,5,7.9000000000000003552,39.5,2);
INSERT INTO ITENSNOTAS VALUES(56,26,150,3,1.1000000000000000888,3.2999999999999998223,2);
INSERT INTO ITENSNOTAS VALUES(57,27,133,1,1.3000000000000000444,1.3000000000000000444,2);
INSERT INTO ITENSNOTAS VALUES(58,28,251,4,9.8000000000000007105,39.200000000000002841,2);
INSERT INTO ITENSNOTAS VALUES(59,29,57,5,2.2000000000000001776,11.0,2);
INSERT INTO ITENSNOTAS VALUES(60,30,114,1,5.0999999999999996447,5.0999999999999996447,2);
INSERT INTO ITENSNOTAS VALUES(61,1,56,4,7.2000000000000001776,28.80000000000000071,3);
INSERT INTO ITENSNOTAS VALUES(62,2,271,4,0.10000000000000000555,0.4000000000000000222,3);
INSERT INTO ITENSNOTAS VALUES(63,3,49,1,1.3000000000000000444,1.3000000000000000444,3);
INSERT INTO ITENSNOTAS VALUES(64,4,98,4,3.8999999999999999111,15.599999999999999644,3);
INSERT INTO ITENSNOTAS VALUES(65,5,143,5,4.5,22.5,3);
INSERT INTO ITENSNOTAS VALUES(66,6,192,1,8.0,8.0,3);
INSERT INTO ITENSNOTAS VALUES(67,7,124,1,9.3000000000000007105,9.3000000000000007105,3);
INSERT INTO ITENSNOTAS VALUES(68,8,5,3,4.7000000000000001776,14.099999999999999645,3);
INSERT INTO ITENSNOTAS VALUES(69,9,289,2,9.4000000000000003552,18.80000000000000071,3);
INSERT INTO ITENSNOTAS VALUES(70,10,200,1,4.2999999999999998223,4.2999999999999998223,3);
INSERT INTO ITENSNOTAS VALUES(71,11,208,2,4.5,9.0,3);
INSERT INTO ITENSNOTAS VALUES(72,12,26,5,10.0,50.0,3);
INSERT INTO ITENSNOTAS VALUES(73,13,58,2,3.8999999999999999111,7.7999999999999998223,3);
INSERT INTO ITENSNOTAS VALUES(74,14,21,4,3.5,14.0,3);
INSERT INTO ITENSNOTAS VALUES(75,15,55,2,3.5,7.0,3);
INSERT INTO ITENSNOTAS VALUES(76,16,2,5,4.4000000000000003552,22.0,3);
INSERT INTO ITENSNOTAS VALUES(77,17,22,4,9.5,38.0,3);
INSERT INTO ITENSNOTAS VALUES(78,18,135,1,8.4000000000000003552,8.4000000000000003552,3);
INSERT INTO ITENSNOTAS VALUES(79,19,130,3,8.5999999999999996447,25.80000000000000071,3);
INSERT INTO ITENSNOTAS VALUES(80,20,86,5,3.5,17.5,3);
INSERT INTO ITENSNOTAS VALUES(81,21,154,5,3.1000000000000000888,15.499999999999999999,3);
INSERT INTO ITENSNOTAS VALUES(82,22,24,1,2.6000000000000000888,2.6000000000000000888,3);
INSERT INTO ITENSNOTAS VALUES(83,23,189,1,5.7000000000000001776,5.7000000000000001776,3);
INSERT INTO ITENSNOTAS VALUES(84,24,302,2,2.2000000000000001776,4.4000000000000003552,3);
INSERT INTO ITENSNOTAS VALUES(85,25,153,5,7.5999999999999996447,38.0,3);
INSERT INTO ITENSNOTAS VALUES(86,26,79,1,6.0,6.0,3);
INSERT INTO ITENSNOTAS VALUES(87,27,278,3,5.4000000000000003552,16.199999999999999289,3);
INSERT INTO ITENSNOTAS VALUES(88,28,14,3,0.4000000000000000222,1.1999999999999999555,3);
INSERT INTO ITENSNOTAS VALUES(89,29,51,3,0.4000000000000000222,1.1999999999999999555,3);
INSERT INTO ITENSNOTAS VALUES(90,30,275,3,1.3999999999999999111,4.2000000000000001776,3);
INSERT INTO ITENSNOTAS VALUES(91,1,220,3,0.69999999999999995559,2.1000000000000000888,4);
INSERT INTO ITENSNOTAS VALUES(92,2,262,3,3.1000000000000000888,9.3000000000000007105,4);
INSERT INTO ITENSNOTAS VALUES(93,3,52,2,3.7999999999999998223,7.5999999999999996447,4);
INSERT INTO ITENSNOTAS VALUES(94,4,313,1,3.0,3.0,4);
INSERT INTO ITENSNOTAS VALUES(95,5,16,4,6.7000000000000001776,26.800000000000000709,4);
INSERT INTO ITENSNOTAS VALUES(96,6,41,4,7.9000000000000003552,31.600000000000001421,4);
INSERT INTO ITENSNOTAS VALUES(97,7,258,4,3.7000000000000001776,14.80000000000000071,4);
INSERT INTO ITENSNOTAS VALUES(98,8,34,4,4.5,18.0,4);
INSERT INTO ITENSNOTAS VALUES(99,9,32,3,5.0,15.0,4);
INSERT INTO ITENSNOTAS VALUES(100,10,44,2,6.2999999999999998223,12.599999999999999644,4);
INSERT INTO ITENSNOTAS VALUES(101,11,146,5,5.5,27.5,4);
INSERT INTO ITENSNOTAS VALUES(102,12,94,3,1.8999999999999999111,5.7000000000000001776,4);
INSERT INTO ITENSNOTAS VALUES(103,13,85,3,0.5,1.5,4);
INSERT INTO ITENSNOTAS VALUES(104,14,269,3,3.2999999999999998223,9.9000000000000003552,4);
INSERT INTO ITENSNOTAS VALUES(105,15,67,1,4.7000000000000001776,4.7000000000000001776,4);
INSERT INTO ITENSNOTAS VALUES(106,16,234,5,6.4000000000000003552,32.0,4);
INSERT INTO ITENSNOTAS VALUES(107,17,231,4,5.0999999999999996447,20.399999999999998579,4);
INSERT INTO ITENSNOTAS VALUES(108,18,111,3,2.7000000000000001776,8.0999999999999996447,4);
INSERT INTO ITENSNOTAS VALUES(109,19,301,5,6.5,32.5,4);
INSERT INTO ITENSNOTAS VALUES(110,20,151,4,1.5,6.0,4);
INSERT INTO ITENSNOTAS VALUES(111,21,43,3,0.29999999999999998889,0.9000000000000000222,4);
INSERT INTO ITENSNOTAS VALUES(112,22,304,5,1.6999999999999999555,8.5,4);
INSERT INTO ITENSNOTAS VALUES(113,23,207,3,5.0,15.0,4);
INSERT INTO ITENSNOTAS VALUES(114,24,264,3,8.6999999999999992894,26.100000000000001421,4);
INSERT INTO ITENSNOTAS VALUES(115,25,212,1,7.7000000000000001776,7.7000000000000001776,4);
INSERT INTO ITENSNOTAS VALUES(116,26,125,5,6.2999999999999998223,31.5,4);
INSERT INTO ITENSNOTAS VALUES(117,27,112,4,1.1999999999999999555,4.7999999999999998223,4);
INSERT INTO ITENSNOTAS VALUES(118,28,315,4,9.4000000000000003552,37.60000000000000142,4);
INSERT INTO ITENSNOTAS VALUES(119,29,157,2,7.2000000000000001776,14.400000000000000355,4);
INSERT INTO ITENSNOTAS VALUES(120,30,280,4,4.9000000000000003552,19.600000000000001421,4);
INSERT INTO ITENSNOTAS VALUES(121,1,248,4,4.9000000000000003552,19.600000000000001421,5);
INSERT INTO ITENSNOTAS VALUES(122,2,118,4,9.0999999999999996447,36.399999999999998578,5);
INSERT INTO ITENSNOTAS VALUES(123,3,27,4,3.2000000000000001776,12.80000000000000071,5);
INSERT INTO ITENSNOTAS VALUES(124,4,305,4,0.69999999999999995559,2.7999999999999998223,5);
INSERT INTO ITENSNOTAS VALUES(125,5,178,2,6.2999999999999998223,12.599999999999999644,5);
INSERT INTO ITENSNOTAS VALUES(126,6,187,4,5.2999999999999998223,21.199999999999999289,5);
INSERT INTO ITENSNOTAS VALUES(127,7,239,2,9.5999999999999996447,19.199999999999999289,5);
INSERT INTO ITENSNOTAS VALUES(128,8,233,2,1.1000000000000000888,2.2000000000000001776,5);
INSERT INTO ITENSNOTAS VALUES(129,9,300,2,6.0999999999999996447,12.199999999999999289,5);
INSERT INTO ITENSNOTAS VALUES(130,10,105,3,3.2000000000000001776,9.5999999999999996447,5);
INSERT INTO ITENSNOTAS VALUES(131,11,115,4,7.7000000000000001776,30.80000000000000071,5);
INSERT INTO ITENSNOTAS VALUES(132,12,11,5,9.6999999999999992894,48.499999999999999999,5);
INSERT INTO ITENSNOTAS VALUES(133,13,35,4,0.2000000000000000111,0.8000000000000000444,5);
INSERT INTO ITENSNOTAS VALUES(134,14,64,1,3.3999999999999999111,3.3999999999999999111,5);
INSERT INTO ITENSNOTAS VALUES(135,15,102,2,8.1999999999999992894,16.399999999999998578,5);
INSERT INTO ITENSNOTAS VALUES(136,16,321,5,9.9000000000000003552,49.499999999999999998,5);
INSERT INTO ITENSNOTAS VALUES(137,17,116,4,9.5999999999999996447,38.399999999999998578,5);
INSERT INTO ITENSNOTAS VALUES(138,18,196,3,5.9000000000000003552,17.699999999999999289,5);
INSERT INTO ITENSNOTAS VALUES(139,19,162,5,0.5,2.5,5);
INSERT INTO ITENSNOTAS VALUES(140,20,247,2,8.0999999999999996447,16.199999999999999289,5);
INSERT INTO ITENSNOTAS VALUES(141,21,317,2,8.8000000000000007105,17.600000000000001421,5);
INSERT INTO ITENSNOTAS VALUES(142,22,265,3,0.4000000000000000222,1.1999999999999999555,5);
INSERT INTO ITENSNOTAS VALUES(143,23,267,3,4.2000000000000001776,12.599999999999999644,5);
INSERT INTO ITENSNOTAS VALUES(144,24,65,1,4.2999999999999998223,4.2999999999999998223,5);
INSERT INTO ITENSNOTAS VALUES(145,25,238,5,6.9000000000000003552,34.5,5);
INSERT INTO ITENSNOTAS VALUES(146,26,159,4,5.5999999999999996447,22.399999999999998579,5);
INSERT INTO ITENSNOTAS VALUES(147,27,120,4,6.5,26.0,5);
INSERT INTO ITENSNOTAS VALUES(148,28,224,1,1.8000000000000000444,1.8000000000000000444,5);
INSERT INTO ITENSNOTAS VALUES(149,29,290,2,9.3000000000000007105,18.600000000000001421,5);
INSERT INTO ITENSNOTAS VALUES(150,30,173,3,5.7999999999999998223,17.399999999999998578,5);
INSERT INTO ITENSNOTAS VALUES(151,1,311,4,5.2999999999999998223,21.199999999999999289,6);
INSERT INTO ITENSNOTAS VALUES(152,2,221,3,1.3000000000000000444,3.8999999999999999111,6);
INSERT INTO ITENSNOTAS VALUES(153,3,256,3,3.5,10.499999999999999999,6);
INSERT INTO ITENSNOTAS VALUES(154,4,107,2,1.3999999999999999111,2.7999999999999998223,6);
INSERT INTO ITENSNOTAS VALUES(155,5,214,5,5.5999999999999996447,28.0,6);
INSERT INTO ITENSNOTAS VALUES(156,6,205,5,8.3000000000000007105,41.5,6);
INSERT INTO ITENSNOTAS VALUES(157,7,240,2,8.0999999999999996447,16.199999999999999289,6);
INSERT INTO ITENSNOTAS VALUES(158,8,20,3,1.6000000000000000888,4.7999999999999998223,6);
INSERT INTO ITENSNOTAS VALUES(159,9,53,3,3.2000000000000001776,9.5999999999999996447,6);
INSERT INTO ITENSNOTAS VALUES(160,10,132,5,2.2000000000000001776,11.0,6);
INSERT INTO ITENSNOTAS VALUES(161,11,263,2,5.2999999999999998223,10.599999999999999644,6);
INSERT INTO ITENSNOTAS VALUES(162,12,80,4,5.0999999999999996447,20.399999999999998579,6);
INSERT INTO ITENSNOTAS VALUES(163,13,232,2,0.69999999999999995559,1.3999999999999999111,6);
INSERT INTO ITENSNOTAS VALUES(164,14,17,2,5.0999999999999996447,10.199999999999999289,6);
INSERT INTO ITENSNOTAS VALUES(165,15,158,1,3.6000000000000000888,3.6000000000000000888,6);
INSERT INTO ITENSNOTAS VALUES(166,16,10,4,0.5,2.0,6);
INSERT INTO ITENSNOTAS VALUES(167,17,96,5,0.4000000000000000222,2.0,6);
INSERT INTO ITENSNOTAS VALUES(168,18,272,3,3.0,9.0,6);
INSERT INTO ITENSNOTAS VALUES(169,19,201,4,5.2000000000000001776,20.80000000000000071,6);
INSERT INTO ITENSNOTAS VALUES(170,20,218,1,5.0999999999999996447,5.0999999999999996447,6);
INSERT INTO ITENSNOTAS VALUES(171,21,273,4,9.0999999999999996447,36.399999999999998578,6);
INSERT INTO ITENSNOTAS VALUES(172,22,299,3,7.9000000000000003552,23.699999999999999289,6);
INSERT INTO ITENSNOTAS VALUES(173,23,147,5,4.2999999999999998223,21.5,6);
INSERT INTO ITENSNOTAS VALUES(174,24,25,3,0.8000000000000000444,2.3999999999999999111,6);
INSERT INTO ITENSNOTAS VALUES(175,25,297,3,5.0999999999999996447,15.30000000000000071,6);
INSERT INTO ITENSNOTAS VALUES(176,26,156,1,9.3000000000000007105,9.3000000000000007105,6);
INSERT INTO ITENSNOTAS VALUES(177,27,69,4,4.7999999999999998223,19.199999999999999289,6);
INSERT INTO ITENSNOTAS VALUES(178,28,148,5,7.7000000000000001776,38.499999999999999999,6);
INSERT INTO ITENSNOTAS VALUES(179,29,244,1,1.8000000000000000444,1.8000000000000000444,6);
INSERT INTO ITENSNOTAS VALUES(180,30,213,2,6.5,13.0,6);
INSERT INTO ITENSNOTAS VALUES(181,1,83,4,6.0,24.0,7);
INSERT INTO ITENSNOTAS VALUES(182,2,186,4,5.0,20.0,7);
INSERT INTO ITENSNOTAS VALUES(183,3,123,4,8.9000000000000003552,35.600000000000001421,7);
INSERT INTO ITENSNOTAS VALUES(184,4,99,3,1.8000000000000000444,5.4000000000000003552,7);
INSERT INTO ITENSNOTAS VALUES(185,5,139,2,5.2999999999999998223,10.599999999999999644,7);
INSERT INTO ITENSNOTAS VALUES(186,6,241,3,6.9000000000000003552,20.69999999999999929,7);
INSERT INTO ITENSNOTAS VALUES(187,7,103,2,5.5,11.0,7);
INSERT INTO ITENSNOTAS VALUES(188,8,193,3,4.2999999999999998223,12.900000000000000355,7);
INSERT INTO ITENSNOTAS VALUES(189,9,76,4,7.7999999999999998223,31.199999999999999289,7);
INSERT INTO ITENSNOTAS VALUES(190,10,223,2,8.3000000000000007105,16.600000000000001421,7);
INSERT INTO ITENSNOTAS VALUES(191,11,254,1,1.3000000000000000444,1.3000000000000000444,7);
INSERT INTO ITENSNOTAS VALUES(192,12,250,3,6.0999999999999996447,18.30000000000000071,7);
INSERT INTO ITENSNOTAS VALUES(193,13,181,3,7.9000000000000003552,23.699999999999999289,7);
INSERT INTO ITENSNOTAS VALUES(194,14,276,1,7.5,7.5,7);
INSERT INTO ITENSNOTAS VALUES(195,15,202,5,4.2000000000000001776,21.0,7);
INSERT INTO ITENSNOTAS VALUES(196,16,144,4,4.0,16.0,7);
INSERT INTO ITENSNOTAS VALUES(197,17,141,3,6.7000000000000001776,20.10000000000000142,7);
INSERT INTO ITENSNOTAS VALUES(198,18,48,2,4.0999999999999996447,8.1999999999999992894,7);
INSERT INTO ITENSNOTAS VALUES(199,19,4,5,1.1999999999999999555,6.0,7);
INSERT INTO ITENSNOTAS VALUES(200,20,36,5,3.7000000000000001776,18.5,7);
INSERT INTO ITENSNOTAS VALUES(201,21,91,2,6.2000000000000001776,12.400000000000000355,7);
INSERT INTO ITENSNOTAS VALUES(202,22,216,4,8.1999999999999992894,32.799999999999997156,7);
INSERT INTO ITENSNOTAS VALUES(203,23,295,2,6.5,13.0,7);
INSERT INTO ITENSNOTAS VALUES(204,24,308,3,8.4000000000000003552,25.199999999999999288,7);
INSERT INTO ITENSNOTAS VALUES(205,25,282,1,4.7999999999999998223,4.7999999999999998223,7);
INSERT INTO ITENSNOTAS VALUES(206,26,184,4,5.7999999999999998223,23.19999999999999929,7);
INSERT INTO ITENSNOTAS VALUES(207,27,310,1,4.7999999999999998223,4.7999999999999998223,7);
INSERT INTO ITENSNOTAS VALUES(208,28,277,3,1.8999999999999999111,5.7000000000000001776,7);
INSERT INTO ITENSNOTAS VALUES(209,29,60,3,2.5,7.5,7);
INSERT INTO ITENSNOTAS VALUES(210,30,72,3,1.0,3.0,7);
INSERT INTO ITENSNOTAS VALUES(211,1,286,1,9.4000000000000003552,9.4000000000000003552,8);
INSERT INTO ITENSNOTAS VALUES(212,2,37,5,4.9000000000000003552,24.5,8);
INSERT INTO ITENSNOTAS VALUES(213,3,15,2,6.7999999999999998223,13.599999999999999644,8);
INSERT INTO ITENSNOTAS VALUES(214,4,194,3,9.0,27.0,8);
INSERT INTO ITENSNOTAS VALUES(215,5,31,1,3.0,3.0,8);
INSERT INTO ITENSNOTAS VALUES(216,6,191,2,4.0,8.0,8);
INSERT INTO ITENSNOTAS VALUES(217,7,46,2,8.8000000000000007105,17.600000000000001421,8);
INSERT INTO ITENSNOTAS VALUES(218,8,113,4,4.0999999999999996447,16.399999999999998578,8);
INSERT INTO ITENSNOTAS VALUES(219,9,73,1,8.1999999999999992894,8.1999999999999992894,8);
INSERT INTO ITENSNOTAS VALUES(220,10,152,2,9.5,19.0,8);
INSERT INTO ITENSNOTAS VALUES(221,11,215,2,0.5,1.0,8);
INSERT INTO ITENSNOTAS VALUES(222,12,237,5,2.7000000000000001776,13.5,8);
INSERT INTO ITENSNOTAS VALUES(223,13,81,5,7.0999999999999996447,35.499999999999999999,8);
INSERT INTO ITENSNOTAS VALUES(224,14,160,1,7.2999999999999998223,7.2999999999999998223,8);
INSERT INTO ITENSNOTAS VALUES(225,15,209,2,4.7999999999999998223,9.5999999999999996447,8);
INSERT INTO ITENSNOTAS VALUES(226,16,225,1,1.1000000000000000888,1.1000000000000000888,8);
INSERT INTO ITENSNOTAS VALUES(227,17,253,2,8.9000000000000003552,17.80000000000000071,8);
INSERT INTO ITENSNOTAS VALUES(228,18,226,2,7.2999999999999998223,14.599999999999999644,8);
INSERT INTO ITENSNOTAS VALUES(229,19,163,1,9.6999999999999992894,9.6999999999999992894,8);
INSERT INTO ITENSNOTAS VALUES(230,20,204,5,5.5,27.5,8);
INSERT INTO ITENSNOTAS VALUES(231,21,28,4,1.3999999999999999111,5.5999999999999996447,8);
INSERT INTO ITENSNOTAS VALUES(232,22,121,2,1.6999999999999999555,3.3999999999999999111,8);
INSERT INTO ITENSNOTAS VALUES(233,23,167,5,7.4000000000000003552,37.0,8);
INSERT INTO ITENSNOTAS VALUES(234,24,260,4,6.2000000000000001776,24.800000000000000711,8);
INSERT INTO ITENSNOTAS VALUES(235,25,180,1,5.2000000000000001776,5.2000000000000001776,8);
INSERT INTO ITENSNOTAS VALUES(236,26,129,3,0.59999999999999997779,1.8000000000000000444,8);
INSERT INTO ITENSNOTAS VALUES(237,27,303,4,6.2999999999999998223,25.199999999999999288,8);
INSERT INTO ITENSNOTAS VALUES(238,28,19,5,0.69999999999999995559,3.5,8);
INSERT INTO ITENSNOTAS VALUES(239,29,127,4,5.7999999999999998223,23.19999999999999929,8);
INSERT INTO ITENSNOTAS VALUES(240,30,320,4,9.6999999999999992894,38.799999999999997157,8);
INSERT INTO ITENSNOTAS VALUES(241,1,171,4,5.2000000000000001776,20.80000000000000071,9);
INSERT INTO ITENSNOTAS VALUES(242,2,291,1,8.5999999999999996447,8.5999999999999996447,9);
INSERT INTO ITENSNOTAS VALUES(243,3,309,5,1.0,5.0,9);
INSERT INTO ITENSNOTAS VALUES(244,4,97,3,7.9000000000000003552,23.699999999999999289,9);
INSERT INTO ITENSNOTAS VALUES(245,5,104,2,5.7999999999999998223,11.599999999999999645,9);
INSERT INTO ITENSNOTAS VALUES(246,6,145,1,2.0,2.0,9);
INSERT INTO ITENSNOTAS VALUES(247,7,66,1,6.5999999999999996447,6.5999999999999996447,9);
INSERT INTO ITENSNOTAS VALUES(248,8,183,3,0.29999999999999998889,0.9000000000000000222,9);
INSERT INTO ITENSNOTAS VALUES(249,9,245,4,8.9000000000000003552,35.600000000000001421,9);
INSERT INTO ITENSNOTAS VALUES(250,10,165,4,1.5,6.0,9);
INSERT INTO ITENSNOTAS VALUES(251,11,161,4,0.4000000000000000222,1.6000000000000000888,9);
INSERT INTO ITENSNOTAS VALUES(252,12,23,2,0.59999999999999997779,1.1999999999999999555,9);
INSERT INTO ITENSNOTAS VALUES(253,13,292,1,1.0,1.0,9);
INSERT INTO ITENSNOTAS VALUES(254,14,227,1,4.7000000000000001776,4.7000000000000001776,9);
INSERT INTO ITENSNOTAS VALUES(255,15,18,3,6.7000000000000001776,20.10000000000000142,9);
INSERT INTO ITENSNOTAS VALUES(256,16,75,3,8.5999999999999996447,25.80000000000000071,9);
INSERT INTO ITENSNOTAS VALUES(257,17,1,4,8.8000000000000007105,35.200000000000002842,9);
INSERT INTO ITENSNOTAS VALUES(258,18,246,5,9.3000000000000007105,46.5,9);
INSERT INTO ITENSNOTAS VALUES(259,19,3,5,3.0,15.0,9);
INSERT INTO ITENSNOTAS VALUES(260,20,78,3,3.2000000000000001776,9.5999999999999996447,9);
INSERT INTO ITENSNOTAS VALUES(261,21,257,3,9.9000000000000003552,29.699999999999999289,9);
INSERT INTO ITENSNOTAS VALUES(262,22,198,2,5.2999999999999998223,10.599999999999999644,9);
INSERT INTO ITENSNOTAS VALUES(263,23,307,1,4.0,4.0,9);
INSERT INTO ITENSNOTAS VALUES(264,24,100,4,1.0,4.0,9);
INSERT INTO ITENSNOTAS VALUES(265,25,63,4,0.8000000000000000444,3.2000000000000001776,9);
INSERT INTO ITENSNOTAS VALUES(266,26,82,3,8.6999999999999992894,26.100000000000001421,9);
INSERT INTO ITENSNOTAS VALUES(267,27,38,3,8.5,25.499999999999999999,9);
INSERT INTO ITENSNOTAS VALUES(268,28,296,3,7.5,22.5,9);
INSERT INTO ITENSNOTAS VALUES(269,29,174,5,3.2999999999999998223,16.5,9);
INSERT INTO ITENSNOTAS VALUES(270,30,172,3,3.7999999999999998223,11.400000000000000355,9);
INSERT INTO ITENSNOTAS VALUES(271,1,185,1,6.2999999999999998223,6.2999999999999998223,10);
INSERT INTO ITENSNOTAS VALUES(272,2,164,2,0.5,1.0,10);
INSERT INTO ITENSNOTAS VALUES(273,3,228,1,0.5,0.5,10);
INSERT INTO ITENSNOTAS VALUES(274,4,322,5,2.0,10.0,10);
INSERT INTO ITENSNOTAS VALUES(275,5,270,3,1.1000000000000000888,3.2999999999999998223,10);
INSERT INTO ITENSNOTAS VALUES(276,6,252,3,8.0,24.0,10);
INSERT INTO ITENSNOTAS VALUES(277,7,47,5,2.5,12.5,10);
INSERT INTO ITENSNOTAS VALUES(278,8,285,1,8.5,8.5,10);
INSERT INTO ITENSNOTAS VALUES(279,9,110,5,9.4000000000000003552,47.0,10);
INSERT INTO ITENSNOTAS VALUES(280,10,92,1,4.5,4.5,10);
INSERT INTO ITENSNOTAS VALUES(281,11,138,4,5.9000000000000003552,23.600000000000001421,10);
INSERT INTO ITENSNOTAS VALUES(282,12,8,4,0.4000000000000000222,1.6000000000000000888,10);
INSERT INTO ITENSNOTAS VALUES(283,13,176,4,0.5,2.0,10);
INSERT INTO ITENSNOTAS VALUES(284,14,229,5,5.0999999999999996447,25.499999999999999999,10);
INSERT INTO ITENSNOTAS VALUES(285,15,169,2,2.7999999999999998223,5.5999999999999996447,10);
INSERT INTO ITENSNOTAS VALUES(286,16,134,5,1.6000000000000000888,8.0,10);
INSERT INTO ITENSNOTAS VALUES(287,17,206,5,5.7000000000000001776,28.499999999999999999,10);
INSERT INTO ITENSNOTAS VALUES(288,18,30,2,7.5999999999999996447,15.199999999999999289,10);
INSERT INTO ITENSNOTAS VALUES(289,19,284,1,5.5999999999999996447,5.5999999999999996447,10);
INSERT INTO ITENSNOTAS VALUES(290,20,108,1,3.6000000000000000888,3.6000000000000000888,10);
INSERT INTO ITENSNOTAS VALUES(291,21,188,4,4.0999999999999996447,16.399999999999998578,10);
INSERT INTO ITENSNOTAS VALUES(292,22,230,2,1.3000000000000000444,2.6000000000000000888,10);
INSERT INTO ITENSNOTAS VALUES(293,23,137,4,5.2000000000000001776,20.80000000000000071,10);
INSERT INTO ITENSNOTAS VALUES(294,24,170,5,5.9000000000000003552,29.5,10);
INSERT INTO ITENSNOTAS VALUES(295,25,45,4,1.1000000000000000888,4.4000000000000003552,10);
INSERT INTO ITENSNOTAS VALUES(296,26,131,1,10.0,10.0,10);
INSERT INTO ITENSNOTAS VALUES(297,27,88,2,7.2999999999999998223,14.599999999999999644,10);
INSERT INTO ITENSNOTAS VALUES(298,28,219,4,2.0,8.0,10);
INSERT INTO ITENSNOTAS VALUES(299,29,306,5,8.4000000000000003552,42.0,10);
INSERT INTO ITENSNOTAS VALUES(300,30,128,2,9.9000000000000003552,19.80000000000000071,10);
INSERT INTO ITENSNOTAS VALUES(301,1,106,5,0.2000000000000000111,1.0,11);
INSERT INTO ITENSNOTAS VALUES(302,2,61,3,1.1000000000000000888,3.2999999999999998223,11);
INSERT INTO ITENSNOTAS VALUES(303,3,70,5,6.0,30.0,11);
INSERT INTO ITENSNOTAS VALUES(304,4,316,3,9.5999999999999996447,28.80000000000000071,11);
INSERT INTO ITENSNOTAS VALUES(305,5,199,1,6.5999999999999996447,6.5999999999999996447,11);
INSERT INTO ITENSNOTAS VALUES(306,6,217,2,10.0,20.0,11);
INSERT INTO ITENSNOTAS VALUES(307,7,142,2,6.7999999999999998223,13.599999999999999644,11);
INSERT INTO ITENSNOTAS VALUES(308,8,50,3,4.0999999999999996447,12.30000000000000071,11);
INSERT INTO ITENSNOTAS VALUES(309,9,211,4,7.7999999999999998223,31.199999999999999289,11);
INSERT INTO ITENSNOTAS VALUES(310,10,203,3,6.4000000000000003552,19.199999999999999289,11);
INSERT INTO ITENSNOTAS VALUES(311,11,29,1,9.4000000000000003552,9.4000000000000003552,11);
INSERT INTO ITENSNOTAS VALUES(312,12,77,5,5.5999999999999996447,28.0,11);
INSERT INTO ITENSNOTAS VALUES(313,13,126,3,6.2999999999999998223,18.899999999999998578,11);
INSERT INTO ITENSNOTAS VALUES(314,14,197,5,0.29999999999999998889,1.5,11);
INSERT INTO ITENSNOTAS VALUES(315,15,40,4,4.4000000000000003552,17.600000000000001421,11);
INSERT INTO ITENSNOTAS VALUES(316,16,235,2,9.3000000000000007105,18.600000000000001421,11);
INSERT INTO ITENSNOTAS VALUES(317,17,155,2,4.4000000000000003552,8.8000000000000007105,11);
INSERT INTO ITENSNOTAS VALUES(318,18,12,1,1.8999999999999999111,1.8999999999999999111,11);
INSERT INTO ITENSNOTAS VALUES(319,19,210,3,7.5999999999999996447,22.80000000000000071,11);
INSERT INTO ITENSNOTAS VALUES(320,20,177,2,2.6000000000000000888,5.2000000000000001776,11);
INSERT INTO ITENSNOTAS VALUES(321,21,287,3,4.7999999999999998223,14.400000000000000355,11);
INSERT INTO ITENSNOTAS VALUES(322,22,261,3,1.5,4.5,11);
INSERT INTO ITENSNOTAS VALUES(323,23,109,2,8.0,16.0,11);
INSERT INTO ITENSNOTAS VALUES(324,24,288,5,7.4000000000000003552,37.0,11);
INSERT INTO ITENSNOTAS VALUES(325,25,89,2,6.4000000000000003552,12.80000000000000071,11);
INSERT INTO ITENSNOTAS VALUES(326,26,222,5,6.5,32.5,11);
INSERT INTO ITENSNOTAS VALUES(327,27,74,5,6.2000000000000001776,31.0,11);
INSERT INTO ITENSNOTAS VALUES(328,28,283,2,2.1000000000000000888,4.2000000000000001776,11);
INSERT INTO ITENSNOTAS VALUES(329,29,6,3,1.1000000000000000888,3.2999999999999998223,11);
INSERT INTO ITENSNOTAS VALUES(330,30,54,1,0.2000000000000000111,0.2000000000000000111,11);
INSERT INTO ITENSNOTAS VALUES(331,1,279,1,6.5999999999999996447,6.5999999999999996447,12);
INSERT INTO ITENSNOTAS VALUES(332,2,111,3,2.7000000000000001776,8.0999999999999996447,12);
INSERT INTO ITENSNOTAS VALUES(333,3,125,4,6.2999999999999998223,25.199999999999999288,12);
INSERT INTO ITENSNOTAS VALUES(334,4,126,4,6.2999999999999998223,25.199999999999999288,12);
INSERT INTO ITENSNOTAS VALUES(335,5,176,5,0.5,2.5,12);
INSERT INTO ITENSNOTAS VALUES(336,6,271,3,0.10000000000000000555,0.29999999999999998889,12);
INSERT INTO ITENSNOTAS VALUES(337,7,122,1,8.4000000000000003552,8.4000000000000003552,12);
INSERT INTO ITENSNOTAS VALUES(338,8,2,5,4.4000000000000003552,22.0,12);
INSERT INTO ITENSNOTAS VALUES(339,9,36,4,3.7000000000000001776,14.80000000000000071,12);
INSERT INTO ITENSNOTAS VALUES(340,10,297,4,5.0999999999999996447,20.399999999999998579,12);
INSERT INTO ITENSNOTAS VALUES(341,11,266,5,5.7999999999999998223,29.0,12);
INSERT INTO ITENSNOTAS VALUES(342,12,180,5,5.2000000000000001776,26.0,12);
INSERT INTO ITENSNOTAS VALUES(343,13,270,4,1.1000000000000000888,4.4000000000000003552,12);
INSERT INTO ITENSNOTAS VALUES(344,14,189,3,5.7000000000000001776,17.10000000000000142,12);
INSERT INTO ITENSNOTAS VALUES(345,15,320,1,9.6999999999999992894,9.6999999999999992894,12);
INSERT INTO ITENSNOTAS VALUES(346,16,133,1,1.3000000000000000444,1.3000000000000000444,12);
INSERT INTO ITENSNOTAS VALUES(347,17,243,3,0.8000000000000000444,2.3999999999999999111,12);
INSERT INTO ITENSNOTAS VALUES(348,18,183,5,0.29999999999999998889,1.5,12);
INSERT INTO ITENSNOTAS VALUES(349,19,110,5,9.4000000000000003552,47.0,12);
INSERT INTO ITENSNOTAS VALUES(350,20,57,2,2.2000000000000001776,4.4000000000000003552,12);
INSERT INTO ITENSNOTAS VALUES(351,21,234,5,6.4000000000000003552,32.0,12);
INSERT INTO ITENSNOTAS VALUES(352,22,69,5,4.7999999999999998223,24.0,12);
INSERT INTO ITENSNOTAS VALUES(353,23,18,4,6.7000000000000001776,26.800000000000000709,12);
INSERT INTO ITENSNOTAS VALUES(354,24,296,5,7.5,37.5,12);
INSERT INTO ITENSNOTAS VALUES(355,25,242,2,9.0999999999999996447,18.199999999999999289,12);
INSERT INTO ITENSNOTAS VALUES(356,26,293,3,6.7000000000000001776,20.10000000000000142,12);
INSERT INTO ITENSNOTAS VALUES(357,27,79,1,6.0,6.0,12);
INSERT INTO ITENSNOTAS VALUES(358,28,273,1,9.0999999999999996447,9.0999999999999996447,12);
INSERT INTO ITENSNOTAS VALUES(359,29,1,3,8.8000000000000007105,26.399999999999998578,12);
INSERT INTO ITENSNOTAS VALUES(360,30,73,5,8.1999999999999992894,41.0,12);
INSERT INTO ITENSNOTAS VALUES(361,1,310,4,4.7999999999999998223,19.199999999999999289,13);
INSERT INTO ITENSNOTAS VALUES(362,2,196,1,5.9000000000000003552,5.9000000000000003552,13);
INSERT INTO ITENSNOTAS VALUES(363,3,3,2,3.0,6.0,13);
INSERT INTO ITENSNOTAS VALUES(364,4,25,3,0.8000000000000000444,2.3999999999999999111,13);
INSERT INTO ITENSNOTAS VALUES(365,5,259,5,0.9000000000000000222,4.5,13);
INSERT INTO ITENSNOTAS VALUES(366,6,201,1,5.2000000000000001776,5.2000000000000001776,13);
INSERT INTO ITENSNOTAS VALUES(367,7,308,4,8.4000000000000003552,33.600000000000001421,13);
INSERT INTO ITENSNOTAS VALUES(368,8,282,4,4.7999999999999998223,19.199999999999999289,13);
INSERT INTO ITENSNOTAS VALUES(369,9,103,1,5.5,5.5,13);
INSERT INTO ITENSNOTAS VALUES(370,10,96,2,0.4000000000000000222,0.8000000000000000444,13);
INSERT INTO ITENSNOTAS VALUES(371,11,13,2,3.7999999999999998223,7.5999999999999996447,13);
INSERT INTO ITENSNOTAS VALUES(372,12,84,4,2.7000000000000001776,10.80000000000000071,13);
INSERT INTO ITENSNOTAS VALUES(373,13,44,1,6.2999999999999998223,6.2999999999999998223,13);
INSERT INTO ITENSNOTAS VALUES(374,14,156,2,9.3000000000000007105,18.600000000000001421,13);
INSERT INTO ITENSNOTAS VALUES(375,15,227,5,4.7000000000000001776,23.499999999999999999,13);
INSERT INTO ITENSNOTAS VALUES(376,16,27,2,3.2000000000000001776,6.4000000000000003552,13);
INSERT INTO ITENSNOTAS VALUES(377,17,51,3,0.4000000000000000222,1.1999999999999999555,13);
INSERT INTO ITENSNOTAS VALUES(378,18,188,3,4.0999999999999996447,12.30000000000000071,13);
INSERT INTO ITENSNOTAS VALUES(379,19,225,1,1.1000000000000000888,1.1000000000000000888,13);
INSERT INTO ITENSNOTAS VALUES(380,20,175,5,8.6999999999999992894,43.499999999999999999,13);
INSERT INTO ITENSNOTAS VALUES(381,21,305,5,0.69999999999999995559,3.5,13);
INSERT INTO ITENSNOTAS VALUES(382,22,162,3,0.5,1.5,13);
INSERT INTO ITENSNOTAS VALUES(383,23,169,4,2.7999999999999998223,11.199999999999999289,13);
INSERT INTO ITENSNOTAS VALUES(384,24,186,5,5.0,25.0,13);
INSERT INTO ITENSNOTAS VALUES(385,25,309,4,1.0,4.0,13);
INSERT INTO ITENSNOTAS VALUES(386,26,120,5,6.5,32.5,13);
INSERT INTO ITENSNOTAS VALUES(387,27,228,2,0.5,1.0,13);
INSERT INTO ITENSNOTAS VALUES(388,28,151,2,1.5,3.0,13);
INSERT INTO ITENSNOTAS VALUES(389,29,10,5,0.5,2.5,13);
INSERT INTO ITENSNOTAS VALUES(390,30,200,3,4.2999999999999998223,12.900000000000000355,13);
INSERT INTO ITENSNOTAS VALUES(391,1,306,5,8.4000000000000003552,42.0,14);
INSERT INTO ITENSNOTAS VALUES(392,2,102,3,8.1999999999999992894,24.60000000000000142,14);
INSERT INTO ITENSNOTAS VALUES(393,3,32,4,5.0,20.0,14);
INSERT INTO ITENSNOTAS VALUES(394,4,15,2,6.7999999999999998223,13.599999999999999644,14);
INSERT INTO ITENSNOTAS VALUES(395,5,285,1,8.5,8.5,14);
INSERT INTO ITENSNOTAS VALUES(396,6,202,5,4.2000000000000001776,21.0,14);
INSERT INTO ITENSNOTAS VALUES(397,7,192,3,8.0,24.0,14);
INSERT INTO ITENSNOTAS VALUES(398,8,67,1,4.7000000000000001776,4.7000000000000001776,14);
INSERT INTO ITENSNOTAS VALUES(399,9,112,5,1.1999999999999999555,6.0,14);
INSERT INTO ITENSNOTAS VALUES(400,10,127,2,5.7999999999999998223,11.599999999999999645,14);
INSERT INTO ITENSNOTAS VALUES(401,11,128,4,9.9000000000000003552,39.600000000000001421,14);
INSERT INTO ITENSNOTAS VALUES(402,12,107,2,1.3999999999999999111,2.7999999999999998223,14);
INSERT INTO ITENSNOTAS VALUES(403,13,80,4,5.0999999999999996447,20.399999999999998579,14);
INSERT INTO ITENSNOTAS VALUES(404,14,85,5,0.5,2.5,14);
INSERT INTO ITENSNOTAS VALUES(405,15,141,1,6.7000000000000001776,6.7000000000000001776,14);
INSERT INTO ITENSNOTAS VALUES(406,16,289,1,9.4000000000000003552,9.4000000000000003552,14);
INSERT INTO ITENSNOTAS VALUES(407,17,90,5,5.5,27.5,14);
INSERT INTO ITENSNOTAS VALUES(408,18,248,1,4.9000000000000003552,4.9000000000000003552,14);
INSERT INTO ITENSNOTAS VALUES(409,19,97,2,7.9000000000000003552,15.80000000000000071,14);
INSERT INTO ITENSNOTAS VALUES(410,20,238,1,6.9000000000000003552,6.9000000000000003552,14);
INSERT INTO ITENSNOTAS VALUES(411,21,75,4,8.5999999999999996447,34.399999999999998578,14);
INSERT INTO ITENSNOTAS VALUES(412,22,54,1,0.2000000000000000111,0.2000000000000000111,14);
INSERT INTO ITENSNOTAS VALUES(413,23,105,3,3.2000000000000001776,9.5999999999999996447,14);
INSERT INTO ITENSNOTAS VALUES(414,24,115,2,7.7000000000000001776,15.400000000000000355,14);
INSERT INTO ITENSNOTAS VALUES(415,25,237,1,2.7000000000000001776,2.7000000000000001776,14);
INSERT INTO ITENSNOTAS VALUES(416,26,298,3,9.6999999999999992894,29.100000000000001421,14);
INSERT INTO ITENSNOTAS VALUES(417,27,322,4,2.0,8.0,14);
INSERT INTO ITENSNOTAS VALUES(418,28,9,2,5.9000000000000003552,11.80000000000000071,14);
INSERT INTO ITENSNOTAS VALUES(419,29,124,1,9.3000000000000007105,9.3000000000000007105,14);
INSERT INTO ITENSNOTAS VALUES(420,30,66,2,6.5999999999999996447,13.199999999999999289,14);
INSERT INTO ITENSNOTAS VALUES(421,1,158,2,3.6000000000000000888,7.2000000000000001776,15);
INSERT INTO ITENSNOTAS VALUES(422,2,159,3,5.5999999999999996447,16.80000000000000071,15);
INSERT INTO ITENSNOTAS VALUES(423,3,146,4,5.5,22.0,15);
INSERT INTO ITENSNOTAS VALUES(424,4,101,5,8.0,40.0,15);
INSERT INTO ITENSNOTAS VALUES(425,5,93,4,2.7000000000000001776,10.80000000000000071,15);
INSERT INTO ITENSNOTAS VALUES(426,6,64,4,3.3999999999999999111,13.599999999999999644,15);
INSERT INTO ITENSNOTAS VALUES(427,7,135,4,8.4000000000000003552,33.600000000000001421,15);
INSERT INTO ITENSNOTAS VALUES(428,8,212,4,7.7000000000000001776,30.80000000000000071,15);
INSERT INTO ITENSNOTAS VALUES(429,9,268,5,6.5999999999999996447,33.0,15);
INSERT INTO ITENSNOTAS VALUES(430,10,264,4,8.6999999999999992894,34.799999999999997157,15);
INSERT INTO ITENSNOTAS VALUES(431,11,301,3,6.5,19.5,15);
INSERT INTO ITENSNOTAS VALUES(432,12,48,5,4.0999999999999996447,20.499999999999999999,15);
INSERT INTO ITENSNOTAS VALUES(433,13,195,2,7.9000000000000003552,15.80000000000000071,15);
INSERT INTO ITENSNOTAS VALUES(434,14,236,3,1.6999999999999999555,5.0999999999999996447,15);
INSERT INTO ITENSNOTAS VALUES(435,15,275,5,1.3999999999999999111,7.0,15);
INSERT INTO ITENSNOTAS VALUES(436,16,311,5,5.2999999999999998223,26.5,15);
INSERT INTO ITENSNOTAS VALUES(437,17,291,2,8.5999999999999996447,17.199999999999999289,15);
INSERT INTO ITENSNOTAS VALUES(438,18,28,3,1.3999999999999999111,4.2000000000000001776,15);
INSERT INTO ITENSNOTAS VALUES(439,19,184,2,5.7999999999999998223,11.599999999999999645,15);
INSERT INTO ITENSNOTAS VALUES(440,20,267,5,4.2000000000000001776,21.0,15);
INSERT INTO ITENSNOTAS VALUES(441,21,283,2,2.1000000000000000888,4.2000000000000001776,15);
INSERT INTO ITENSNOTAS VALUES(442,22,74,4,6.2000000000000001776,24.800000000000000711,15);
INSERT INTO ITENSNOTAS VALUES(443,23,222,3,6.5,19.5,15);
INSERT INTO ITENSNOTAS VALUES(444,24,55,5,3.5,17.5,15);
INSERT INTO ITENSNOTAS VALUES(445,25,114,1,5.0999999999999996447,5.0999999999999996447,15);
INSERT INTO ITENSNOTAS VALUES(446,26,210,2,7.5999999999999996447,15.199999999999999289,15);
INSERT INTO ITENSNOTAS VALUES(447,27,46,3,8.8000000000000007105,26.399999999999998578,15);
INSERT INTO ITENSNOTAS VALUES(448,28,22,4,9.5,38.0,15);
INSERT INTO ITENSNOTAS VALUES(449,29,17,5,5.0999999999999996447,25.499999999999999999,15);
INSERT INTO ITENSNOTAS VALUES(450,30,43,1,0.29999999999999998889,0.29999999999999998889,15);
INSERT INTO ITENSNOTAS VALUES(451,1,157,1,7.2000000000000001776,7.2000000000000001776,16);
INSERT INTO ITENSNOTAS VALUES(452,2,173,2,5.7999999999999998223,11.599999999999999645,16);
INSERT INTO ITENSNOTAS VALUES(453,3,86,2,3.5,7.0,16);
INSERT INTO ITENSNOTAS VALUES(454,4,208,1,4.5,4.5,16);
INSERT INTO ITENSNOTAS VALUES(455,5,292,2,1.0,2.0,16);
INSERT INTO ITENSNOTAS VALUES(456,6,38,3,8.5,25.499999999999999999,16);
INSERT INTO ITENSNOTAS VALUES(457,7,314,1,1.6999999999999999555,1.6999999999999999555,16);
INSERT INTO ITENSNOTAS VALUES(458,8,41,5,7.9000000000000003552,39.5,16);
INSERT INTO ITENSNOTAS VALUES(459,9,140,1,1.0,1.0,16);
INSERT INTO ITENSNOTAS VALUES(460,10,5,5,4.7000000000000001776,23.499999999999999999,16);
INSERT INTO ITENSNOTAS VALUES(461,11,113,3,4.0999999999999996447,12.30000000000000071,16);
INSERT INTO ITENSNOTAS VALUES(462,12,307,2,4.0,8.0,16);
INSERT INTO ITENSNOTAS VALUES(463,13,229,4,5.0999999999999996447,20.399999999999998579,16);
INSERT INTO ITENSNOTAS VALUES(464,14,72,2,1.0,2.0,16);
INSERT INTO ITENSNOTAS VALUES(465,15,299,5,7.9000000000000003552,39.5,16);
INSERT INTO ITENSNOTAS VALUES(466,16,14,1,0.4000000000000000222,0.4000000000000000222,16);
INSERT INTO ITENSNOTAS VALUES(467,17,244,4,1.8000000000000000444,7.2000000000000001776,16);
INSERT INTO ITENSNOTAS VALUES(468,18,232,5,0.69999999999999995559,3.5,16);
INSERT INTO ITENSNOTAS VALUES(469,19,53,4,3.2000000000000001776,12.80000000000000071,16);
INSERT INTO ITENSNOTAS VALUES(470,20,143,4,4.5,18.0,16);
INSERT INTO ITENSNOTAS VALUES(471,21,149,3,3.6000000000000000888,10.80000000000000071,16);
INSERT INTO ITENSNOTAS VALUES(472,22,197,1,0.29999999999999998889,0.29999999999999998889,16);
INSERT INTO ITENSNOTAS VALUES(473,23,219,3,2.0,6.0,16);
INSERT INTO ITENSNOTAS VALUES(474,24,260,4,6.2000000000000001776,24.800000000000000711,16);
INSERT INTO ITENSNOTAS VALUES(475,25,150,5,1.1000000000000000888,5.5,16);
INSERT INTO ITENSNOTAS VALUES(476,26,152,5,9.5,47.5,16);
INSERT INTO ITENSNOTAS VALUES(477,27,239,5,9.5999999999999996447,48.0,16);
INSERT INTO ITENSNOTAS VALUES(478,28,321,5,9.9000000000000003552,49.499999999999999998,16);
INSERT INTO ITENSNOTAS VALUES(479,29,45,1,1.1000000000000000888,1.1000000000000000888,16);
INSERT INTO ITENSNOTAS VALUES(480,30,21,5,3.5,17.5,16);
INSERT INTO ITENSNOTAS VALUES(481,1,199,3,6.5999999999999996447,19.80000000000000071,17);
INSERT INTO ITENSNOTAS VALUES(482,2,207,2,5.0,10.0,17);
INSERT INTO ITENSNOTAS VALUES(483,3,262,5,3.1000000000000000888,15.499999999999999999,17);
INSERT INTO ITENSNOTAS VALUES(484,4,155,4,4.4000000000000003552,17.600000000000001421,17);
INSERT INTO ITENSNOTAS VALUES(485,5,71,5,0.8000000000000000444,4.0,17);
INSERT INTO ITENSNOTAS VALUES(486,6,303,5,6.2999999999999998223,31.5,17);
INSERT INTO ITENSNOTAS VALUES(487,7,209,4,4.7999999999999998223,19.199999999999999289,17);
INSERT INTO ITENSNOTAS VALUES(488,8,241,2,6.9000000000000003552,13.80000000000000071,17);
INSERT INTO ITENSNOTAS VALUES(489,9,49,1,1.3000000000000000444,1.3000000000000000444,17);
INSERT INTO ITENSNOTAS VALUES(490,10,257,2,9.9000000000000003552,19.80000000000000071,17);
INSERT INTO ITENSNOTAS VALUES(491,11,319,2,1.1999999999999999555,2.3999999999999999111,17);
INSERT INTO ITENSNOTAS VALUES(492,12,31,3,3.0,9.0,17);
INSERT INTO ITENSNOTAS VALUES(493,13,148,1,7.7000000000000001776,7.7000000000000001776,17);
INSERT INTO ITENSNOTAS VALUES(494,14,261,2,1.5,3.0,17);
INSERT INTO ITENSNOTAS VALUES(495,15,302,2,2.2000000000000001776,4.4000000000000003552,17);
INSERT INTO ITENSNOTAS VALUES(496,16,136,5,1.1999999999999999555,6.0,17);
INSERT INTO ITENSNOTAS VALUES(497,17,33,2,4.0999999999999996447,8.1999999999999992894,17);
INSERT INTO ITENSNOTAS VALUES(498,18,182,4,0.4000000000000000222,1.6000000000000000888,17);
INSERT INTO ITENSNOTAS VALUES(499,19,315,3,9.4000000000000003552,28.19999999999999929,17);
INSERT INTO ITENSNOTAS VALUES(500,20,65,1,4.2999999999999998223,4.2999999999999998223,17);
INSERT INTO ITENSNOTAS VALUES(501,21,52,5,3.7999999999999998223,19.0,17);
INSERT INTO ITENSNOTAS VALUES(502,22,205,3,8.3000000000000007105,24.899999999999998579,17);
INSERT INTO ITENSNOTAS VALUES(503,23,164,4,0.5,2.0,17);
INSERT INTO ITENSNOTAS VALUES(504,24,118,5,9.0999999999999996447,45.500000000000000001,17);
INSERT INTO ITENSNOTAS VALUES(505,25,4,4,1.1999999999999999555,4.7999999999999998223,17);
INSERT INTO ITENSNOTAS VALUES(506,26,215,3,0.5,1.5,17);
INSERT INTO ITENSNOTAS VALUES(507,27,30,1,7.5999999999999996447,7.5999999999999996447,17);
INSERT INTO ITENSNOTAS VALUES(508,28,295,3,6.5,19.5,17);
INSERT INTO ITENSNOTAS VALUES(509,29,142,2,6.7999999999999998223,13.599999999999999644,17);
INSERT INTO ITENSNOTAS VALUES(510,30,226,3,7.2999999999999998223,21.899999999999998578,17);
INSERT INTO ITENSNOTAS VALUES(511,1,179,5,8.3000000000000007105,41.5,18);
INSERT INTO ITENSNOTAS VALUES(512,2,98,4,3.8999999999999999111,15.599999999999999644,18);
INSERT INTO ITENSNOTAS VALUES(513,3,61,2,1.1000000000000000888,2.2000000000000001776,18);
INSERT INTO ITENSNOTAS VALUES(514,4,163,1,9.6999999999999992894,9.6999999999999992894,18);
INSERT INTO ITENSNOTAS VALUES(515,5,246,1,9.3000000000000007105,9.3000000000000007105,18);
INSERT INTO ITENSNOTAS VALUES(516,6,108,3,3.6000000000000000888,10.80000000000000071,18);
INSERT INTO ITENSNOTAS VALUES(517,7,137,4,5.2000000000000001776,20.80000000000000071,18);
INSERT INTO ITENSNOTAS VALUES(518,8,50,3,4.0999999999999996447,12.30000000000000071,18);
INSERT INTO ITENSNOTAS VALUES(519,9,11,3,9.6999999999999992894,29.100000000000001421,18);
INSERT INTO ITENSNOTAS VALUES(520,10,284,5,5.5999999999999996447,28.0,18);
INSERT INTO ITENSNOTAS VALUES(521,11,213,2,6.5,13.0,18);
INSERT INTO ITENSNOTAS VALUES(522,12,47,2,2.5,5.0,18);
INSERT INTO ITENSNOTAS VALUES(523,13,174,3,3.2999999999999998223,9.9000000000000003552,18);
INSERT INTO ITENSNOTAS VALUES(524,14,139,5,5.2999999999999998223,26.5,18);
INSERT INTO ITENSNOTAS VALUES(525,15,312,3,5.5,16.5,18);
INSERT INTO ITENSNOTAS VALUES(526,16,88,3,7.2999999999999998223,21.899999999999998578,18);
INSERT INTO ITENSNOTAS VALUES(527,17,187,4,5.2999999999999998223,21.199999999999999289,18);
INSERT INTO ITENSNOTAS VALUES(528,18,231,2,5.0999999999999996447,10.199999999999999289,18);
INSERT INTO ITENSNOTAS VALUES(529,19,250,3,6.0999999999999996447,18.30000000000000071,18);
INSERT INTO ITENSNOTAS VALUES(530,20,181,2,7.9000000000000003552,15.80000000000000071,18);
INSERT INTO ITENSNOTAS VALUES(531,21,35,4,0.2000000000000000111,0.8000000000000000444,18);
INSERT INTO ITENSNOTAS VALUES(532,22,119,5,8.0999999999999996447,40.500000000000000001,18);
INSERT INTO ITENSNOTAS VALUES(533,23,19,2,0.69999999999999995559,1.3999999999999999111,18);
INSERT INTO ITENSNOTAS VALUES(534,24,132,3,2.2000000000000001776,6.5999999999999996447,18);
INSERT INTO ITENSNOTAS VALUES(535,25,316,4,9.5999999999999996447,38.399999999999998578,18);
INSERT INTO ITENSNOTAS VALUES(536,26,317,1,8.8000000000000007105,8.8000000000000007105,18);
INSERT INTO ITENSNOTAS VALUES(537,27,203,5,6.4000000000000003552,32.0,18);
INSERT INTO ITENSNOTAS VALUES(538,28,116,5,9.5999999999999996447,48.0,18);
INSERT INTO ITENSNOTAS VALUES(539,29,94,1,1.8999999999999999111,1.8999999999999999111,18);
INSERT INTO ITENSNOTAS VALUES(540,30,185,4,6.2999999999999998223,25.199999999999999288,18);
INSERT INTO ITENSNOTAS VALUES(541,1,144,4,4.0,16.0,19);
INSERT INTO ITENSNOTAS VALUES(542,2,300,4,6.0999999999999996447,24.399999999999998578,19);
INSERT INTO ITENSNOTAS VALUES(543,3,220,4,0.69999999999999995559,2.7999999999999998223,19);
INSERT INTO ITENSNOTAS VALUES(544,4,63,3,0.8000000000000000444,2.3999999999999999111,19);
INSERT INTO ITENSNOTAS VALUES(545,5,286,4,9.4000000000000003552,37.60000000000000142,19);
INSERT INTO ITENSNOTAS VALUES(546,6,99,4,1.8000000000000000444,7.2000000000000001776,19);
INSERT INTO ITENSNOTAS VALUES(547,7,218,1,5.0999999999999996447,5.0999999999999996447,19);
INSERT INTO ITENSNOTAS VALUES(548,8,24,3,2.6000000000000000888,7.7999999999999998223,19);
INSERT INTO ITENSNOTAS VALUES(549,9,251,4,9.8000000000000007105,39.200000000000002841,19);
INSERT INTO ITENSNOTAS VALUES(550,10,263,1,5.2999999999999998223,5.2999999999999998223,19);
INSERT INTO ITENSNOTAS VALUES(551,11,165,5,1.5,7.5,19);
INSERT INTO ITENSNOTAS VALUES(552,12,269,4,3.2999999999999998223,13.199999999999999289,19);
INSERT INTO ITENSNOTAS VALUES(553,13,249,2,8.0,16.0,19);
INSERT INTO ITENSNOTAS VALUES(554,14,12,3,1.8999999999999999111,5.7000000000000001776,19);
INSERT INTO ITENSNOTAS VALUES(555,15,272,2,3.0,6.0,19);
INSERT INTO ITENSNOTAS VALUES(556,16,83,2,6.0,12.0,19);
INSERT INTO ITENSNOTAS VALUES(557,17,171,3,5.2000000000000001776,15.599999999999999644,19);
INSERT INTO ITENSNOTAS VALUES(558,18,89,5,6.4000000000000003552,32.0,19);
INSERT INTO ITENSNOTAS VALUES(559,19,277,5,1.8999999999999999111,9.5,19);
INSERT INTO ITENSNOTAS VALUES(560,20,106,2,0.2000000000000000111,0.4000000000000000222,19);
INSERT INTO ITENSNOTAS VALUES(561,21,170,2,5.9000000000000003552,11.80000000000000071,19);
INSERT INTO ITENSNOTAS VALUES(562,22,123,4,8.9000000000000003552,35.600000000000001421,19);
INSERT INTO ITENSNOTAS VALUES(563,23,95,1,4.4000000000000003552,4.4000000000000003552,19);
INSERT INTO ITENSNOTAS VALUES(564,24,280,2,4.9000000000000003552,9.8000000000000007105,19);
INSERT INTO ITENSNOTAS VALUES(565,25,304,3,1.6999999999999999555,5.0999999999999996447,19);
INSERT INTO ITENSNOTAS VALUES(566,26,109,2,8.0,16.0,19);
INSERT INTO ITENSNOTAS VALUES(567,27,145,2,2.0,4.0,19);
INSERT INTO ITENSNOTAS VALUES(568,28,6,1,1.1000000000000000888,1.1000000000000000888,19);
INSERT INTO ITENSNOTAS VALUES(569,29,62,2,9.8000000000000007105,19.600000000000001421,19);
INSERT INTO ITENSNOTAS VALUES(570,30,191,1,4.0,4.0,19);
INSERT INTO ITENSNOTAS VALUES(571,1,172,2,3.7999999999999998223,7.5999999999999996447,20);
INSERT INTO ITENSNOTAS VALUES(572,2,60,5,2.5,12.5,20);
INSERT INTO ITENSNOTAS VALUES(573,3,104,1,5.7999999999999998223,5.7999999999999998223,20);
INSERT INTO ITENSNOTAS VALUES(574,4,78,5,3.2000000000000001776,16.0,20);
INSERT INTO ITENSNOTAS VALUES(575,5,58,4,3.8999999999999999111,15.599999999999999644,20);
INSERT INTO ITENSNOTAS VALUES(576,6,82,5,8.6999999999999992894,43.499999999999999999,20);
INSERT INTO ITENSNOTAS VALUES(577,7,153,4,7.5999999999999996447,30.399999999999998579,20);
INSERT INTO ITENSNOTAS VALUES(578,8,167,5,7.4000000000000003552,37.0,20);
INSERT INTO ITENSNOTAS VALUES(579,9,318,4,3.8999999999999999111,15.599999999999999644,20);
INSERT INTO ITENSNOTAS VALUES(580,10,134,2,1.6000000000000000888,3.2000000000000001776,20);
INSERT INTO ITENSNOTAS VALUES(581,11,214,4,5.5999999999999996447,22.399999999999998579,20);
INSERT INTO ITENSNOTAS VALUES(582,12,40,4,4.4000000000000003552,17.600000000000001421,20);
INSERT INTO ITENSNOTAS VALUES(583,13,121,2,1.6999999999999999555,3.3999999999999999111,20);
INSERT INTO ITENSNOTAS VALUES(584,14,76,3,7.7999999999999998223,23.399999999999998578,20);
INSERT INTO ITENSNOTAS VALUES(585,15,178,4,6.2999999999999998223,25.199999999999999288,20);
INSERT INTO ITENSNOTAS VALUES(586,16,221,5,1.3000000000000000444,6.5,20);
INSERT INTO ITENSNOTAS VALUES(587,17,276,2,7.5,15.0,20);
INSERT INTO ITENSNOTAS VALUES(588,18,56,4,7.2000000000000001776,28.80000000000000071,20);
INSERT INTO ITENSNOTAS VALUES(589,19,131,5,10.0,50.0,20);
INSERT INTO ITENSNOTAS VALUES(590,20,223,1,8.3000000000000007105,8.3000000000000007105,20);
INSERT INTO ITENSNOTAS VALUES(591,21,194,4,9.0,36.0,20);
INSERT INTO ITENSNOTAS VALUES(592,22,255,5,1.0,5.0,20);
INSERT INTO ITENSNOTAS VALUES(593,23,193,4,4.2999999999999998223,17.199999999999999289,20);
INSERT INTO ITENSNOTAS VALUES(594,24,160,1,7.2999999999999998223,7.2999999999999998223,20);
INSERT INTO ITENSNOTAS VALUES(595,25,254,1,1.3000000000000000444,1.3000000000000000444,20);
INSERT INTO ITENSNOTAS VALUES(596,26,117,1,8.6999999999999992894,8.6999999999999992894,20);
INSERT INTO ITENSNOTAS VALUES(597,27,147,2,4.2999999999999998223,8.5999999999999996447,20);
INSERT INTO ITENSNOTAS VALUES(598,28,252,4,8.0,32.0,20);
INSERT INTO ITENSNOTAS VALUES(599,29,91,3,6.2000000000000001776,18.600000000000001421,20);
INSERT INTO ITENSNOTAS VALUES(600,30,224,4,1.8000000000000000444,7.2000000000000001776,20);
INSERT INTO ITENSNOTAS VALUES(601,1,87,3,9.5999999999999996447,28.80000000000000071,21);
INSERT INTO ITENSNOTAS VALUES(602,2,258,2,3.7000000000000001776,7.4000000000000003552,21);
INSERT INTO ITENSNOTAS VALUES(603,3,253,5,8.9000000000000003552,44.499999999999999998,21);
INSERT INTO ITENSNOTAS VALUES(604,4,130,3,8.5999999999999996447,25.80000000000000071,21);
INSERT INTO ITENSNOTAS VALUES(605,5,294,1,4.7999999999999998223,4.7999999999999998223,21);
INSERT INTO ITENSNOTAS VALUES(606,6,287,3,4.7999999999999998223,14.400000000000000355,21);
INSERT INTO ITENSNOTAS VALUES(607,7,59,2,8.1999999999999992894,16.399999999999998578,21);
INSERT INTO ITENSNOTAS VALUES(608,8,245,4,8.9000000000000003552,35.600000000000001421,21);
INSERT INTO ITENSNOTAS VALUES(609,9,37,3,4.9000000000000003552,14.699999999999999289,21);
INSERT INTO ITENSNOTAS VALUES(610,10,274,2,1.6999999999999999555,3.3999999999999999111,21);
INSERT INTO ITENSNOTAS VALUES(611,11,235,2,9.3000000000000007105,18.600000000000001421,21);
INSERT INTO ITENSNOTAS VALUES(612,12,20,5,1.6000000000000000888,8.0,21);
INSERT INTO ITENSNOTAS VALUES(613,13,81,4,7.0999999999999996447,28.399999999999998578,21);
INSERT INTO ITENSNOTAS VALUES(614,14,216,2,8.1999999999999992894,16.399999999999998578,21);
INSERT INTO ITENSNOTAS VALUES(615,15,77,3,5.5999999999999996447,16.80000000000000071,21);
INSERT INTO ITENSNOTAS VALUES(616,16,233,1,1.1000000000000000888,1.1000000000000000888,21);
INSERT INTO ITENSNOTAS VALUES(617,17,240,3,8.0999999999999996447,24.300000000000000709,21);
INSERT INTO ITENSNOTAS VALUES(618,18,281,2,9.4000000000000003552,18.80000000000000071,21);
INSERT INTO ITENSNOTAS VALUES(619,19,16,2,6.7000000000000001776,13.400000000000000354,21);
INSERT INTO ITENSNOTAS VALUES(620,20,256,5,3.5,17.5,21);
INSERT INTO ITENSNOTAS VALUES(621,21,230,4,1.3000000000000000444,5.2000000000000001776,21);
INSERT INTO ITENSNOTAS VALUES(622,22,138,4,5.9000000000000003552,23.600000000000001421,21);
INSERT INTO ITENSNOTAS VALUES(623,23,290,5,9.3000000000000007105,46.5,21);
INSERT INTO ITENSNOTAS VALUES(624,24,34,4,4.5,18.0,21);
INSERT INTO ITENSNOTAS VALUES(625,25,198,4,5.2999999999999998223,21.199999999999999289,21);
INSERT INTO ITENSNOTAS VALUES(626,26,265,3,0.4000000000000000222,1.1999999999999999555,21);
INSERT INTO ITENSNOTAS VALUES(627,27,129,2,0.59999999999999997779,1.1999999999999999555,21);
INSERT INTO ITENSNOTAS VALUES(628,28,23,1,0.59999999999999997779,0.59999999999999997779,21);
INSERT INTO ITENSNOTAS VALUES(629,29,154,3,3.1000000000000000888,9.3000000000000007105,21);
INSERT INTO ITENSNOTAS VALUES(630,30,288,1,7.4000000000000003552,7.4000000000000003552,21);
INSERT INTO ITENSNOTAS VALUES(631,1,190,5,1.0,5.0,22);
INSERT INTO ITENSNOTAS VALUES(632,2,116,2,9.5999999999999996447,19.199999999999999289,22);
INSERT INTO ITENSNOTAS VALUES(633,3,192,4,8.0,32.0,22);
INSERT INTO ITENSNOTAS VALUES(634,4,198,2,5.2999999999999998223,10.599999999999999644,22);
INSERT INTO ITENSNOTAS VALUES(635,5,113,4,4.0999999999999996447,16.399999999999998578,22);
INSERT INTO ITENSNOTAS VALUES(636,6,208,4,4.5,18.0,22);
INSERT INTO ITENSNOTAS VALUES(637,7,269,5,3.2999999999999998223,16.5,22);
INSERT INTO ITENSNOTAS VALUES(638,8,119,1,8.0999999999999996447,8.0999999999999996447,22);
INSERT INTO ITENSNOTAS VALUES(639,9,79,3,6.0,18.0,22);
INSERT INTO ITENSNOTAS VALUES(640,10,305,1,0.69999999999999995559,0.69999999999999995559,22);
INSERT INTO ITENSNOTAS VALUES(641,11,47,5,2.5,12.5,22);
INSERT INTO ITENSNOTAS VALUES(642,12,251,3,9.8000000000000007105,29.399999999999998578,22);
INSERT INTO ITENSNOTAS VALUES(643,13,226,5,7.2999999999999998223,36.5,22);
INSERT INTO ITENSNOTAS VALUES(644,14,228,3,0.5,1.5,22);
INSERT INTO ITENSNOTAS VALUES(645,15,187,1,5.2999999999999998223,5.2999999999999998223,22);
INSERT INTO ITENSNOTAS VALUES(646,16,123,2,8.9000000000000003552,17.80000000000000071,22);
INSERT INTO ITENSNOTAS VALUES(647,17,270,5,1.1000000000000000888,5.5,22);
INSERT INTO ITENSNOTAS VALUES(648,18,67,1,4.7000000000000001776,4.7000000000000001776,22);
INSERT INTO ITENSNOTAS VALUES(649,19,153,4,7.5999999999999996447,30.399999999999998579,22);
INSERT INTO ITENSNOTAS VALUES(650,20,282,2,4.7999999999999998223,9.5999999999999996447,22);
INSERT INTO ITENSNOTAS VALUES(651,21,106,2,0.2000000000000000111,0.4000000000000000222,22);
INSERT INTO ITENSNOTAS VALUES(652,22,15,5,6.7999999999999998223,34.0,22);
INSERT INTO ITENSNOTAS VALUES(653,23,286,1,9.4000000000000003552,9.4000000000000003552,22);
INSERT INTO ITENSNOTAS VALUES(654,24,81,3,7.0999999999999996447,21.30000000000000071,22);
INSERT INTO ITENSNOTAS VALUES(655,25,111,4,2.7000000000000001776,10.80000000000000071,22);
INSERT INTO ITENSNOTAS VALUES(656,26,255,3,1.0,3.0,22);
INSERT INTO ITENSNOTAS VALUES(657,27,291,4,8.5999999999999996447,34.399999999999998578,22);
INSERT INTO ITENSNOTAS VALUES(658,28,180,3,5.2000000000000001776,15.599999999999999644,22);
INSERT INTO ITENSNOTAS VALUES(659,29,70,2,6.0,12.0,22);
INSERT INTO ITENSNOTAS VALUES(660,30,71,2,0.8000000000000000444,1.6000000000000000888,22);
INSERT INTO ITENSNOTAS VALUES(661,1,172,4,3.7999999999999998223,15.199999999999999289,23);
INSERT INTO ITENSNOTAS VALUES(662,2,317,5,8.8000000000000007105,44.0,23);
INSERT INTO ITENSNOTAS VALUES(663,3,182,2,0.4000000000000000222,0.8000000000000000444,23);
INSERT INTO ITENSNOTAS VALUES(664,4,174,5,3.2999999999999998223,16.5,23);
INSERT INTO ITENSNOTAS VALUES(665,5,283,5,2.1000000000000000888,10.499999999999999999,23);
INSERT INTO ITENSNOTAS VALUES(666,6,161,1,0.4000000000000000222,0.4000000000000000222,23);
INSERT INTO ITENSNOTAS VALUES(667,7,264,5,8.6999999999999992894,43.499999999999999999,23);
INSERT INTO ITENSNOTAS VALUES(668,8,130,2,8.5999999999999996447,17.199999999999999289,23);
INSERT INTO ITENSNOTAS VALUES(669,9,103,5,5.5,27.5,23);
INSERT INTO ITENSNOTAS VALUES(670,10,9,2,5.9000000000000003552,11.80000000000000071,23);
INSERT INTO ITENSNOTAS VALUES(671,11,206,5,5.7000000000000001776,28.499999999999999999,23);
INSERT INTO ITENSNOTAS VALUES(672,12,133,1,1.3000000000000000444,1.3000000000000000444,23);
INSERT INTO ITENSNOTAS VALUES(673,13,97,3,7.9000000000000003552,23.699999999999999289,23);
INSERT INTO ITENSNOTAS VALUES(674,14,33,5,4.0999999999999996447,20.499999999999999999,23);
INSERT INTO ITENSNOTAS VALUES(675,15,302,2,2.2000000000000001776,4.4000000000000003552,23);
INSERT INTO ITENSNOTAS VALUES(676,16,222,2,6.5,13.0,23);
INSERT INTO ITENSNOTAS VALUES(677,17,295,5,6.5,32.5,23);
INSERT INTO ITENSNOTAS VALUES(678,18,233,3,1.1000000000000000888,3.2999999999999998223,23);
INSERT INTO ITENSNOTAS VALUES(679,19,256,1,3.5,3.5,23);
INSERT INTO ITENSNOTAS VALUES(680,20,29,3,9.4000000000000003552,28.19999999999999929,23);
INSERT INTO ITENSNOTAS VALUES(681,21,210,1,7.5999999999999996447,7.5999999999999996447,23);
INSERT INTO ITENSNOTAS VALUES(682,22,159,1,5.5999999999999996447,5.5999999999999996447,23);
INSERT INTO ITENSNOTAS VALUES(683,23,135,4,8.4000000000000003552,33.600000000000001421,23);
INSERT INTO ITENSNOTAS VALUES(684,24,96,1,0.4000000000000000222,0.4000000000000000222,23);
INSERT INTO ITENSNOTAS VALUES(685,25,152,4,9.5,38.0,23);
INSERT INTO ITENSNOTAS VALUES(686,26,61,3,1.1000000000000000888,3.2999999999999998223,23);
INSERT INTO ITENSNOTAS VALUES(687,27,104,5,5.7999999999999998223,29.0,23);
INSERT INTO ITENSNOTAS VALUES(688,28,188,5,4.0999999999999996447,20.499999999999999999,23);
INSERT INTO ITENSNOTAS VALUES(689,29,254,4,1.3000000000000000444,5.2000000000000001776,23);
INSERT INTO ITENSNOTAS VALUES(690,30,42,3,2.6000000000000000888,7.7999999999999998223,23);
INSERT INTO ITENSNOTAS VALUES(691,1,100,5,1.0,5.0,24);
INSERT INTO ITENSNOTAS VALUES(692,2,13,5,3.7999999999999998223,19.0,24);
INSERT INTO ITENSNOTAS VALUES(693,3,168,1,0.69999999999999995559,0.69999999999999995559,24);
INSERT INTO ITENSNOTAS VALUES(694,4,134,3,1.6000000000000000888,4.7999999999999998223,24);
INSERT INTO ITENSNOTAS VALUES(695,5,297,3,5.0999999999999996447,15.30000000000000071,24);
INSERT INTO ITENSNOTAS VALUES(696,6,212,1,7.7000000000000001776,7.7000000000000001776,24);
INSERT INTO ITENSNOTAS VALUES(697,7,307,2,4.0,8.0,24);
INSERT INTO ITENSNOTAS VALUES(698,8,175,2,8.6999999999999992894,17.399999999999998578,24);
INSERT INTO ITENSNOTAS VALUES(699,9,288,3,7.4000000000000003552,22.199999999999999289,24);
INSERT INTO ITENSNOTAS VALUES(700,10,109,3,8.0,24.0,24);
INSERT INTO ITENSNOTAS VALUES(701,11,243,5,0.8000000000000000444,4.0,24);
INSERT INTO ITENSNOTAS VALUES(702,12,166,4,4.0,16.0,24);
INSERT INTO ITENSNOTAS VALUES(703,13,117,1,8.6999999999999992894,8.6999999999999992894,24);
INSERT INTO ITENSNOTAS VALUES(704,14,214,3,5.5999999999999996447,16.80000000000000071,24);
INSERT INTO ITENSNOTAS VALUES(705,15,244,5,1.8000000000000000444,9.0,24);
INSERT INTO ITENSNOTAS VALUES(706,16,273,1,9.0999999999999996447,9.0999999999999996447,24);
INSERT INTO ITENSNOTAS VALUES(707,17,248,5,4.9000000000000003552,24.5,24);
INSERT INTO ITENSNOTAS VALUES(708,18,185,3,6.2999999999999998223,18.899999999999998578,24);
INSERT INTO ITENSNOTAS VALUES(709,19,107,5,1.3999999999999999111,7.0,24);
INSERT INTO ITENSNOTAS VALUES(710,20,301,5,6.5,32.5,24);
INSERT INTO ITENSNOTAS VALUES(711,21,235,1,9.3000000000000007105,9.3000000000000007105,24);
INSERT INTO ITENSNOTAS VALUES(712,22,89,2,6.4000000000000003552,12.80000000000000071,24);
INSERT INTO ITENSNOTAS VALUES(713,23,74,4,6.2000000000000001776,24.800000000000000711,24);
INSERT INTO ITENSNOTAS VALUES(714,24,260,3,6.2000000000000001776,18.600000000000001421,24);
INSERT INTO ITENSNOTAS VALUES(715,25,124,4,9.3000000000000007105,37.200000000000002843,24);
INSERT INTO ITENSNOTAS VALUES(716,26,132,3,2.2000000000000001776,6.5999999999999996447,24);
INSERT INTO ITENSNOTAS VALUES(717,27,23,1,0.59999999999999997779,0.59999999999999997779,24);
INSERT INTO ITENSNOTAS VALUES(718,28,183,2,0.29999999999999998889,0.59999999999999997779,24);
INSERT INTO ITENSNOTAS VALUES(719,29,54,1,0.2000000000000000111,0.2000000000000000111,24);
INSERT INTO ITENSNOTAS VALUES(720,30,158,3,3.6000000000000000888,10.80000000000000071,24);
INSERT INTO ITENSNOTAS VALUES(721,1,278,2,5.4000000000000003552,10.80000000000000071,25);
INSERT INTO ITENSNOTAS VALUES(722,2,232,2,0.69999999999999995559,1.3999999999999999111,25);
INSERT INTO ITENSNOTAS VALUES(723,3,60,4,2.5,10.0,25);
INSERT INTO ITENSNOTAS VALUES(724,4,238,3,6.9000000000000003552,20.69999999999999929,25);
INSERT INTO ITENSNOTAS VALUES(725,5,75,3,8.5999999999999996447,25.80000000000000071,25);
INSERT INTO ITENSNOTAS VALUES(726,6,292,3,1.0,3.0,25);
INSERT INTO ITENSNOTAS VALUES(727,7,313,5,3.0,15.0,25);
INSERT INTO ITENSNOTAS VALUES(728,8,199,1,6.5999999999999996447,6.5999999999999996447,25);
INSERT INTO ITENSNOTAS VALUES(729,9,257,1,9.9000000000000003552,9.9000000000000003552,25);
INSERT INTO ITENSNOTAS VALUES(730,10,242,5,9.0999999999999996447,45.500000000000000001,25);
INSERT INTO ITENSNOTAS VALUES(731,11,167,5,7.4000000000000003552,37.0,25);
INSERT INTO ITENSNOTAS VALUES(732,12,16,2,6.7000000000000001776,13.400000000000000354,25);
INSERT INTO ITENSNOTAS VALUES(733,13,64,4,3.3999999999999999111,13.599999999999999644,25);
INSERT INTO ITENSNOTAS VALUES(734,14,50,3,4.0999999999999996447,12.30000000000000071,25);
INSERT INTO ITENSNOTAS VALUES(735,15,148,3,7.7000000000000001776,23.100000000000001421,25);
INSERT INTO ITENSNOTAS VALUES(736,16,311,3,5.2999999999999998223,15.900000000000000354,25);
INSERT INTO ITENSNOTAS VALUES(737,17,78,2,3.2000000000000001776,6.4000000000000003552,25);
INSERT INTO ITENSNOTAS VALUES(738,18,150,3,1.1000000000000000888,3.2999999999999998223,25);
INSERT INTO ITENSNOTAS VALUES(739,19,32,4,5.0,20.0,25);
INSERT INTO ITENSNOTAS VALUES(740,20,95,1,4.4000000000000003552,4.4000000000000003552,25);
INSERT INTO ITENSNOTAS VALUES(741,21,267,3,4.2000000000000001776,12.599999999999999644,25);
INSERT INTO ITENSNOTAS VALUES(742,22,194,1,9.0,9.0,25);
INSERT INTO ITENSNOTAS VALUES(743,23,44,2,6.2999999999999998223,12.599999999999999644,25);
INSERT INTO ITENSNOTAS VALUES(744,24,231,5,5.0999999999999996447,25.499999999999999999,25);
INSERT INTO ITENSNOTAS VALUES(745,25,250,2,6.0999999999999996447,12.199999999999999289,25);
INSERT INTO ITENSNOTAS VALUES(746,26,4,5,1.1999999999999999555,6.0,25);
INSERT INTO ITENSNOTAS VALUES(747,27,179,3,8.3000000000000007105,24.899999999999998579,25);
INSERT INTO ITENSNOTAS VALUES(748,28,253,3,8.9000000000000003552,26.699999999999999289,25);
INSERT INTO ITENSNOTAS VALUES(749,29,22,2,9.5,19.0,25);
INSERT INTO ITENSNOTAS VALUES(750,30,308,2,8.4000000000000003552,16.80000000000000071,25);
INSERT INTO ITENSNOTAS VALUES(751,1,209,2,4.7999999999999998223,9.5999999999999996447,26);
INSERT INTO ITENSNOTAS VALUES(752,2,229,5,5.0999999999999996447,25.499999999999999999,26);
INSERT INTO ITENSNOTAS VALUES(753,3,259,3,0.9000000000000000222,2.7000000000000001776,26);
INSERT INTO ITENSNOTAS VALUES(754,4,224,1,1.8000000000000000444,1.8000000000000000444,26);
INSERT INTO ITENSNOTAS VALUES(755,5,92,2,4.5,9.0,26);
INSERT INTO ITENSNOTAS VALUES(756,6,252,5,8.0,40.0,26);
INSERT INTO ITENSNOTAS VALUES(757,7,263,4,5.2999999999999998223,21.199999999999999289,26);
INSERT INTO ITENSNOTAS VALUES(758,8,77,2,5.5999999999999996447,11.199999999999999289,26);
INSERT INTO ITENSNOTAS VALUES(759,9,279,2,6.5999999999999996447,13.199999999999999289,26);
INSERT INTO ITENSNOTAS VALUES(760,10,118,4,9.0999999999999996447,36.399999999999998578,26);
INSERT INTO ITENSNOTAS VALUES(761,11,322,2,2.0,4.0,26);
INSERT INTO ITENSNOTAS VALUES(762,12,319,1,1.1999999999999999555,1.1999999999999999555,26);
INSERT INTO ITENSNOTAS VALUES(763,13,173,2,5.7999999999999998223,11.599999999999999645,26);
INSERT INTO ITENSNOTAS VALUES(764,14,314,2,1.6999999999999999555,3.3999999999999999111,26);
INSERT INTO ITENSNOTAS VALUES(765,15,88,4,7.2999999999999998223,29.199999999999999289,26);
INSERT INTO ITENSNOTAS VALUES(766,16,122,4,8.4000000000000003552,33.600000000000001421,26);
INSERT INTO ITENSNOTAS VALUES(767,17,163,2,9.6999999999999992894,19.399999999999998578,26);
INSERT INTO ITENSNOTAS VALUES(768,18,213,5,6.5,32.5,26);
INSERT INTO ITENSNOTAS VALUES(769,19,48,4,4.0999999999999996447,16.399999999999998578,26);
INSERT INTO ITENSNOTAS VALUES(770,20,289,3,9.4000000000000003552,28.19999999999999929,26);
INSERT INTO ITENSNOTAS VALUES(771,21,320,5,9.6999999999999992894,48.499999999999999999,26);
INSERT INTO ITENSNOTAS VALUES(772,22,268,5,6.5999999999999996447,33.0,26);
INSERT INTO ITENSNOTAS VALUES(773,23,46,5,8.8000000000000007105,44.0,26);
INSERT INTO ITENSNOTAS VALUES(774,24,162,1,0.5,0.5,26);
INSERT INTO ITENSNOTAS VALUES(775,25,225,5,1.1000000000000000888,5.5,26);
INSERT INTO ITENSNOTAS VALUES(776,26,131,4,10.0,40.0,26);
INSERT INTO ITENSNOTAS VALUES(777,27,230,4,1.3000000000000000444,5.2000000000000001776,26);
INSERT INTO ITENSNOTAS VALUES(778,28,136,3,1.1999999999999999555,3.6000000000000000888,26);
INSERT INTO ITENSNOTAS VALUES(779,29,249,2,8.0,16.0,26);
INSERT INTO ITENSNOTAS VALUES(780,30,298,3,9.6999999999999992894,29.100000000000001421,26);
INSERT INTO ITENSNOTAS VALUES(781,1,98,2,3.8999999999999999111,7.7999999999999998223,27);
INSERT INTO ITENSNOTAS VALUES(782,2,176,1,0.5,0.5,27);
INSERT INTO ITENSNOTAS VALUES(783,3,28,4,1.3999999999999999111,5.5999999999999996447,27);
INSERT INTO ITENSNOTAS VALUES(784,4,274,5,1.6999999999999999555,8.5,27);
INSERT INTO ITENSNOTAS VALUES(785,5,126,4,6.2999999999999998223,25.199999999999999288,27);
INSERT INTO ITENSNOTAS VALUES(786,6,272,1,3.0,3.0,27);
INSERT INTO ITENSNOTAS VALUES(787,7,237,5,2.7000000000000001776,13.5,27);
INSERT INTO ITENSNOTAS VALUES(788,8,144,4,4.0,16.0,27);
INSERT INTO ITENSNOTAS VALUES(789,9,245,1,8.9000000000000003552,8.9000000000000003552,27);
INSERT INTO ITENSNOTAS VALUES(790,10,204,2,5.5,11.0,27);
INSERT INTO ITENSNOTAS VALUES(791,11,65,1,4.2999999999999998223,4.2999999999999998223,27);
INSERT INTO ITENSNOTAS VALUES(792,12,304,5,1.6999999999999999555,8.5,27);
INSERT INTO ITENSNOTAS VALUES(793,13,93,1,2.7000000000000001776,2.7000000000000001776,27);
INSERT INTO ITENSNOTAS VALUES(794,14,91,3,6.2000000000000001776,18.600000000000001421,27);
INSERT INTO ITENSNOTAS VALUES(795,15,285,2,8.5,17.0,27);
INSERT INTO ITENSNOTAS VALUES(796,16,306,3,8.4000000000000003552,25.199999999999999288,27);
INSERT INTO ITENSNOTAS VALUES(797,17,53,3,3.2000000000000001776,9.5999999999999996447,27);
INSERT INTO ITENSNOTAS VALUES(798,18,6,4,1.1000000000000000888,4.4000000000000003552,27);
INSERT INTO ITENSNOTAS VALUES(799,19,35,4,0.2000000000000000111,0.8000000000000000444,27);
INSERT INTO ITENSNOTAS VALUES(800,20,27,1,3.2000000000000001776,3.2000000000000001776,27);
INSERT INTO ITENSNOTAS VALUES(801,21,296,2,7.5,15.0,27);
INSERT INTO ITENSNOTAS VALUES(802,22,318,3,3.8999999999999999111,11.699999999999999289,27);
INSERT INTO ITENSNOTAS VALUES(803,23,82,5,8.6999999999999992894,43.499999999999999999,27);
INSERT INTO ITENSNOTAS VALUES(804,24,316,4,9.5999999999999996447,38.399999999999998578,27);
INSERT INTO ITENSNOTAS VALUES(805,25,218,4,5.0999999999999996447,20.399999999999998579,27);
INSERT INTO ITENSNOTAS VALUES(806,26,240,4,8.0999999999999996447,32.399999999999998579,27);
INSERT INTO ITENSNOTAS VALUES(807,27,207,4,5.0,20.0,27);
INSERT INTO ITENSNOTAS VALUES(808,28,155,5,4.4000000000000003552,22.0,27);
INSERT INTO ITENSNOTAS VALUES(809,29,1,4,8.8000000000000007105,35.200000000000002842,27);
INSERT INTO ITENSNOTAS VALUES(810,30,193,4,4.2999999999999998223,17.199999999999999289,27);
INSERT INTO ITENSNOTAS VALUES(811,1,211,4,7.7999999999999998223,31.199999999999999289,28);
INSERT INTO ITENSNOTAS VALUES(812,2,7,3,3.0,9.0,28);
INSERT INTO ITENSNOTAS VALUES(813,3,275,5,1.3999999999999999111,7.0,28);
INSERT INTO ITENSNOTAS VALUES(814,4,128,4,9.9000000000000003552,39.600000000000001421,28);
INSERT INTO ITENSNOTAS VALUES(815,5,157,2,7.2000000000000001776,14.400000000000000355,28);
INSERT INTO ITENSNOTAS VALUES(816,6,234,2,6.4000000000000003552,12.80000000000000071,28);
INSERT INTO ITENSNOTAS VALUES(817,7,72,5,1.0,5.0,28);
INSERT INTO ITENSNOTAS VALUES(818,8,41,4,7.9000000000000003552,31.600000000000001421,28);
INSERT INTO ITENSNOTAS VALUES(819,9,191,3,4.0,12.0,28);
INSERT INTO ITENSNOTAS VALUES(820,10,171,3,5.2000000000000001776,15.599999999999999644,28);
INSERT INTO ITENSNOTAS VALUES(821,11,125,5,6.2999999999999998223,31.5,28);
INSERT INTO ITENSNOTAS VALUES(822,12,80,1,5.0999999999999996447,5.0999999999999996447,28);
INSERT INTO ITENSNOTAS VALUES(823,13,149,2,3.6000000000000000888,7.2000000000000001776,28);
INSERT INTO ITENSNOTAS VALUES(824,14,58,2,3.8999999999999999111,7.7999999999999998223,28);
INSERT INTO ITENSNOTAS VALUES(825,15,18,3,6.7000000000000001776,20.10000000000000142,28);
INSERT INTO ITENSNOTAS VALUES(826,16,17,3,5.0999999999999996447,15.30000000000000071,28);
INSERT INTO ITENSNOTAS VALUES(827,17,40,1,4.4000000000000003552,4.4000000000000003552,28);
INSERT INTO ITENSNOTAS VALUES(828,18,114,5,5.0999999999999996447,25.499999999999999999,28);
INSERT INTO ITENSNOTAS VALUES(829,19,220,2,0.69999999999999995559,1.3999999999999999111,28);
INSERT INTO ITENSNOTAS VALUES(830,20,309,3,1.0,3.0,28);
INSERT INTO ITENSNOTAS VALUES(831,21,85,2,0.5,1.0,28);
INSERT INTO ITENSNOTAS VALUES(832,22,141,1,6.7000000000000001776,6.7000000000000001776,28);
INSERT INTO ITENSNOTAS VALUES(833,23,86,1,3.5,3.5,28);
INSERT INTO ITENSNOTAS VALUES(834,24,276,2,7.5,15.0,28);
INSERT INTO ITENSNOTAS VALUES(835,25,2,5,4.4000000000000003552,22.0,28);
INSERT INTO ITENSNOTAS VALUES(836,26,195,3,7.9000000000000003552,23.699999999999999289,28);
INSERT INTO ITENSNOTAS VALUES(837,27,246,3,9.3000000000000007105,27.899999999999998579,28);
INSERT INTO ITENSNOTAS VALUES(838,28,112,1,1.1999999999999999555,1.1999999999999999555,28);
INSERT INTO ITENSNOTAS VALUES(839,29,262,4,3.1000000000000000888,12.400000000000000355,28);
INSERT INTO ITENSNOTAS VALUES(840,30,73,2,8.1999999999999992894,16.399999999999998578,28);
INSERT INTO ITENSNOTAS VALUES(841,1,215,4,0.5,2.0,29);
INSERT INTO ITENSNOTAS VALUES(842,2,87,3,9.5999999999999996447,28.80000000000000071,29);
INSERT INTO ITENSNOTAS VALUES(843,3,140,3,1.0,3.0,29);
INSERT INTO ITENSNOTAS VALUES(844,4,177,1,2.6000000000000000888,2.6000000000000000888,29);
INSERT INTO ITENSNOTAS VALUES(845,5,170,5,5.9000000000000003552,29.5,29);
INSERT INTO ITENSNOTAS VALUES(846,6,11,2,9.6999999999999992894,19.399999999999998578,29);
INSERT INTO ITENSNOTAS VALUES(847,7,120,5,6.5,32.5,29);
INSERT INTO ITENSNOTAS VALUES(848,8,108,2,3.6000000000000000888,7.2000000000000001776,29);
INSERT INTO ITENSNOTAS VALUES(849,9,154,4,3.1000000000000000888,12.400000000000000355,29);
INSERT INTO ITENSNOTAS VALUES(850,10,66,3,6.5999999999999996447,19.80000000000000071,29);
INSERT INTO ITENSNOTAS VALUES(851,11,287,4,4.7999999999999998223,19.199999999999999289,29);
INSERT INTO ITENSNOTAS VALUES(852,12,56,5,7.2000000000000001776,36.0,29);
INSERT INTO ITENSNOTAS VALUES(853,13,83,4,6.0,24.0,29);
INSERT INTO ITENSNOTAS VALUES(854,14,184,5,5.7999999999999998223,29.0,29);
INSERT INTO ITENSNOTAS VALUES(855,15,186,3,5.0,15.0,29);
INSERT INTO ITENSNOTAS VALUES(856,16,217,1,10.0,10.0,29);
INSERT INTO ITENSNOTAS VALUES(857,17,219,5,2.0,10.0,29);
INSERT INTO ITENSNOTAS VALUES(858,18,52,5,3.7999999999999998223,19.0,29);
INSERT INTO ITENSNOTAS VALUES(859,19,221,5,1.3000000000000000444,6.5,29);
INSERT INTO ITENSNOTAS VALUES(860,20,290,5,9.3000000000000007105,46.5,29);
INSERT INTO ITENSNOTAS VALUES(861,21,139,4,5.2999999999999998223,21.199999999999999289,29);
INSERT INTO ITENSNOTAS VALUES(862,22,227,2,4.7000000000000001776,9.4000000000000003552,29);
INSERT INTO ITENSNOTAS VALUES(863,23,312,1,5.5,5.5,29);
INSERT INTO ITENSNOTAS VALUES(864,24,62,1,9.8000000000000007105,9.8000000000000007105,29);
INSERT INTO ITENSNOTAS VALUES(865,25,205,3,8.3000000000000007105,24.899999999999998579,29);
INSERT INTO ITENSNOTAS VALUES(866,26,151,1,1.5,1.5,29);
INSERT INTO ITENSNOTAS VALUES(867,27,147,4,4.2999999999999998223,17.199999999999999289,29);
INSERT INTO ITENSNOTAS VALUES(868,28,24,3,2.6000000000000000888,7.7999999999999998223,29);
INSERT INTO ITENSNOTAS VALUES(869,29,164,2,0.5,1.0,29);
INSERT INTO ITENSNOTAS VALUES(870,30,201,1,5.2000000000000001776,5.2000000000000001776,29);
INSERT INTO ITENSNOTAS VALUES(871,1,216,5,8.1999999999999992894,41.0,30);
INSERT INTO ITENSNOTAS VALUES(872,2,143,4,4.5,18.0,30);
INSERT INTO ITENSNOTAS VALUES(873,3,10,1,0.5,0.5,30);
INSERT INTO ITENSNOTAS VALUES(874,4,90,4,5.5,22.0,30);
INSERT INTO ITENSNOTAS VALUES(875,5,303,4,6.2999999999999998223,25.199999999999999288,30);
INSERT INTO ITENSNOTAS VALUES(876,6,121,4,1.6999999999999999555,6.7999999999999998223,30);
INSERT INTO ITENSNOTAS VALUES(877,7,14,1,0.4000000000000000222,0.4000000000000000222,30);
INSERT INTO ITENSNOTAS VALUES(878,8,142,3,6.7999999999999998223,20.399999999999998579,30);
INSERT INTO ITENSNOTAS VALUES(879,9,26,4,10.0,40.0,30);
INSERT INTO ITENSNOTAS VALUES(880,10,247,1,8.0999999999999996447,8.0999999999999996447,30);
INSERT INTO ITENSNOTAS VALUES(881,11,300,5,6.0999999999999996447,30.499999999999999999,30);
INSERT INTO ITENSNOTAS VALUES(882,12,277,2,1.8999999999999999111,3.7999999999999998223,30);
INSERT INTO ITENSNOTAS VALUES(883,13,19,1,0.69999999999999995559,0.69999999999999995559,30);
INSERT INTO ITENSNOTAS VALUES(884,14,110,3,9.4000000000000003552,28.19999999999999929,30);
INSERT INTO ITENSNOTAS VALUES(885,15,261,2,1.5,3.0,30);
INSERT INTO ITENSNOTAS VALUES(886,16,293,5,6.7000000000000001776,33.499999999999999999,30);
INSERT INTO ITENSNOTAS VALUES(887,17,299,2,7.9000000000000003552,15.80000000000000071,30);
INSERT INTO ITENSNOTAS VALUES(888,18,76,5,7.7999999999999998223,39.0,30);
INSERT INTO ITENSNOTAS VALUES(889,19,34,2,4.5,9.0,30);
INSERT INTO ITENSNOTAS VALUES(890,20,156,1,9.3000000000000007105,9.3000000000000007105,30);
INSERT INTO ITENSNOTAS VALUES(891,21,31,2,3.0,6.0,30);
INSERT INTO ITENSNOTAS VALUES(892,22,271,2,0.10000000000000000555,0.2000000000000000111,30);
INSERT INTO ITENSNOTAS VALUES(893,23,196,2,5.9000000000000003552,11.80000000000000071,30);
INSERT INTO ITENSNOTAS VALUES(894,24,280,1,4.9000000000000003552,4.9000000000000003552,30);
INSERT INTO ITENSNOTAS VALUES(895,25,127,5,5.7999999999999998223,29.0,30);
INSERT INTO ITENSNOTAS VALUES(896,26,101,1,8.0,8.0,30);
INSERT INTO ITENSNOTAS VALUES(897,27,266,5,5.7999999999999998223,29.0,30);
INSERT INTO ITENSNOTAS VALUES(898,28,146,2,5.5,11.0,30);
INSERT INTO ITENSNOTAS VALUES(899,29,241,2,6.9000000000000003552,13.80000000000000071,30);
INSERT INTO ITENSNOTAS VALUES(900,30,154,1,3.1000000000000000888,3.1000000000000000888,30);
CREATE TABLE ATENDENTES(
    ATENDENTE_ID INTEGER PRIMARY KEY AUTOINCREMENT,
    ATENDENTE_NOME TEXT NOT NULL
);
INSERT INTO ATENDENTES VALUES(1,'Gabriela');
INSERT INTO ATENDENTES VALUES(2,'Heloisa');
INSERT INTO ATENDENTES VALUES(3,'Jocimar');
INSERT INTO ATENDENTES VALUES(4,'Louise');
INSERT INTO ATENDENTES VALUES(5,'Ricardo');
INSERT INTO ATENDENTES VALUES(6,'Victor');
INSERT INTO ATENDENTES VALUES(7,'Adriano');
INSERT INTO ATENDENTES VALUES(8,'Maiara');
INSERT INTO ATENDENTES VALUES(9,'Jéssica');
CREATE TABLE CLIENTES(
    CLIENTE_ID INTEGER PRIMARY KEY AUTOINCREMENT,
    CLIENTE_NOME TEXT NOT NULL,
    CLIENTE_TELEFONE TEXT NOT NULL,
    CLIENTE_CPF TEXT NOT NULL,
    CLIENTE_TOTAL_COMPRAS FLOAT, 
    ID_CIDADE INTEGE,
    CONSTRAINT CLI_CIDADE_FK FOREIGN KEY (ID_CIDADE) REFERENCES CIDADE(CIDADE_ID) ON DELETE RESTRICT ON UPDATE RESTRICT
);
INSERT INTO CLIENTES VALUES(1,'AILSON ROCHA DOS REIS','48999010001','366.265.895-04',NULL,NULL);
INSERT INTO CLIENTES VALUES(2,'ALAN PASCOAL RIBEIRO','48999010002','056.520.345-21',NULL,NULL);
INSERT INTO CLIENTES VALUES(3,'ALAN SANTOS SANTANA','48999010003','050.304.575-69',NULL,NULL);
INSERT INTO CLIENTES VALUES(4,'ALAN VICTOR DA SILVA VASCONCELOS','48999010004','056.295.375-20',NULL,NULL);
INSERT INTO CLIENTES VALUES(5,'ANDERSON SOARES DOS SANTOS','48999010005','042.502.775-93',NULL,NULL);
INSERT INTO CLIENTES VALUES(6,'ANTONIO BARBOSA DA SILVA SANTOS','48999010006','990.270.890-00',NULL,NULL);
INSERT INTO CLIENTES VALUES(7,'ANTONIO FABRICIO CONCEICAO DA SILVA','48999010007','702.076.740-00',NULL,NULL);
INSERT INTO CLIENTES VALUES(8,'CAIQUE VINICIUS NASCIMENTO PINHEIRO','48999010008','536.599.530-91',NULL,NULL);
INSERT INTO CLIENTES VALUES(9,'CRESTONI CARVALHO DA SILVA','48999010009','008.487.680-86',NULL,NULL);
INSERT INTO CLIENTES VALUES(10,'DJAILTON DE LIMA DA COSTA','48999010010','033.380.040-01',NULL,NULL);
INSERT INTO CLIENTES VALUES(11,'ELIANE SANTOS DE JESUS','48999010011','746.936.800-72',NULL,NULL);
INSERT INTO CLIENTES VALUES(12,'FELIPE DE JESUS SANTOS','48999010012','006.122.730-75',NULL,NULL);
INSERT INTO CLIENTES VALUES(13,'IGOR FELIPE SANTOS DE SOUZA','48999010013','963.591.880-15',NULL,NULL);
INSERT INTO CLIENTES VALUES(14,'IRAILTON DA SILVA SANTOS MELO','48999010014','005.475.170-50',NULL,NULL);
INSERT INTO CLIENTES VALUES(15,'IVERSON SOUZA DE SANTANA','48999010015','685.956.030-49',NULL,NULL);
INSERT INTO CLIENTES VALUES(16,'JANDERSON PALMA DE OLIVEIRA','48999010016','682.671.850-20',NULL,NULL);
INSERT INTO CLIENTES VALUES(17,'JOÃO PAULO DOS SANTOS ALVES','48999010017','731.285.890-20',NULL,NULL);
INSERT INTO CLIENTES VALUES(18,'KAYO CEZAR PEREIRA MARQUES','48999010018','894.213.610-91',NULL,NULL);
INSERT INTO CLIENTES VALUES(19,'MARCUS VINICIUS DA SILVA OLIVEIRA','48999010019','005.264.050-74',NULL,NULL);
INSERT INTO CLIENTES VALUES(20,'MATEUS DOS PRAZERES ALMEIDA','48999010020','947.770.120-34',NULL,NULL);
INSERT INTO CLIENTES VALUES(21,'PATRIC SANTOS ROCHA','48999010021','019.630.430-06',NULL,NULL);
INSERT INTO CLIENTES VALUES(22,'RALF UILIAM SOUZA DE SANTANA','48999010022','015.859.880-65',NULL,NULL);
INSERT INTO CLIENTES VALUES(23,'RANGEL DA SILVA NEVES','48999010023','039.104.460-51',NULL,NULL);
INSERT INTO CLIENTES VALUES(24,'RENATA SÁTIRO DOS SANTOS','48999010024','965.883.060-91',NULL,NULL);
INSERT INTO CLIENTES VALUES(25,'RODRIGO MARQUES DA SILVA','48999010025','026.191.590-83',NULL,NULL);
INSERT INTO CLIENTES VALUES(26,'ROMUALDO INACIO DE ALMEIDA SANTOS','48999010026','003.175.030-30',NULL,NULL);
INSERT INTO CLIENTES VALUES(27,'RONILDO DE CERQUEIRA DIAS','48999010027','929.341.370-15',NULL,NULL);
INSERT INTO CLIENTES VALUES(28,'TIAGO VINICIUS LIMA DA SILVA','48999010028','003.247.430-09',NULL,NULL);
INSERT INTO CLIENTES VALUES(29,'VINICIOS SANTOS SANTANA','48999010029','008.712.430-08',NULL,NULL);
INSERT INTO CLIENTES VALUES(30,'CLEBERSON DA SILVA SANTOS','48999010030','757.763.080-20',NULL,NULL);
INSERT INTO CLIENTES VALUES(31,'CLEITON MIRANDA DOS SANTOS','48999010031','038.049.880-40',NULL,NULL);
INSERT INTO CLIENTES VALUES(32,'CLEMERSON SANTOS DE SOUZA','48999010032','035.428.690-07',NULL,NULL);
INSERT INTO CLIENTES VALUES(33,'CLICYA VANESSA DOS SANTOS DAMASCENO','48999010033','017.538.720-65',NULL,NULL);
INSERT INTO CLIENTES VALUES(34,'EDMILSON DE SOUZA JUNIOR','48999010034','036.516.960-90',NULL,NULL);
INSERT INTO CLIENTES VALUES(35,'ELIABE REIS DE ALMEIDA','48999010035','005.448.650-57',NULL,NULL);
INSERT INTO CLIENTES VALUES(36,'ESLAN NASCIMENTO DE SOUZA','48999010036','020.820.020-21',NULL,NULL);
INSERT INTO CLIENTES VALUES(37,'EVERTE RIBEIRO DE SANTANA','48999010037','038.292.770-24',NULL,NULL);
INSERT INTO CLIENTES VALUES(38,'HARI GANDHI DANTAS DA SILVA LAGO','48999010038','035.284.960-61',NULL,NULL);
INSERT INTO CLIENTES VALUES(39,'HEVERSON ABREU SILVA','48999010039','034.438.900-67',NULL,NULL);
INSERT INTO CLIENTES VALUES(40,'HEVERTON COSTA DOS SANTOS','48999010040','039.112.900-71',NULL,NULL);
INSERT INTO CLIENTES VALUES(41,'JAILTON DA SILVA LIMA','48999010041','017.729.200-88',NULL,NULL);
INSERT INTO CLIENTES VALUES(42,'JONES ARAUJO BARRETO','48999010042','023.777.620-00',NULL,NULL);
INSERT INTO CLIENTES VALUES(43,'JORGE INACIO SALES DE SOUZA','48999010043','830.120.100-25',NULL,NULL);
INSERT INTO CLIENTES VALUES(44,'JULIVALDO DIAS ALVES JUNIOR','48999010044','035.932.280-84',NULL,NULL);
INSERT INTO CLIENTES VALUES(45,'LÁZARO DOS ANJOS DE OLIVEIRA','48999010045','033.424.340-82',NULL,NULL);
INSERT INTO CLIENTES VALUES(46,'MARCELO SANTOS PAIXÃO','48999010046','035.584.680-23',NULL,NULL);
INSERT INTO CLIENTES VALUES(47,'MARCELO SILVA DAS VIRGENS','48999010047','028.431.050-64',NULL,NULL);
INSERT INTO CLIENTES VALUES(48,'MAURICIO ARAÚJO DOS SANTOS','48999010048','019.519.030-05',NULL,NULL);
INSERT INTO CLIENTES VALUES(49,'NAIELLE BISPO RIBEIRO','48999010049','012.091.470-09',NULL,NULL);
INSERT INTO CLIENTES VALUES(50,'ORLANDO JOSÉ GOES','48999010050','012.152.460-48',NULL,NULL);
INSERT INTO CLIENTES VALUES(51,'OVIDIO GERALDO DE JESUS JUNIOR','48999010051','033.763.830-65',NULL,NULL);
INSERT INTO CLIENTES VALUES(52,'RENAN GONÇALVES SACRAMENTO SILVA','48999010052','041.074.750-50',NULL,NULL);
INSERT INTO CLIENTES VALUES(53,'RICARDO BARROS DOS SANTOS','48999010053','031.099.300-80',NULL,NULL);
INSERT INTO CLIENTES VALUES(54,'RODRIGO ANTONIO FREIRE ALEXANDRINO','48999010054','032.092.990-64',NULL,NULL);
INSERT INTO CLIENTES VALUES(55,'RODRIGO DAS NEVES SANTOS','48999010055','005.285.180-03',NULL,NULL);
INSERT INTO CLIENTES VALUES(56,'ROGERIO DAS VIRGENS SANTOS','48999010056','023.035.140-96',NULL,NULL);
INSERT INTO CLIENTES VALUES(57,'TEONES ARAUJO NASCIMENTO','48999010057','009.037.120-83',NULL,NULL);
INSERT INTO CLIENTES VALUES(58,'WAGNER DA CUNHA SILVA','48999010058','033.756.860-05',NULL,NULL);
INSERT INTO CLIENTES VALUES(59,'YGOR SANTOS BRANDI','48999010059','034.152.270-81',NULL,NULL);
INSERT INTO CLIENTES VALUES(60,'ABINADABE MUNIZ BATISTA','48999010060','035.789.430-88',NULL,NULL);
INSERT INTO CLIENTES VALUES(61,'ADRIANO CONCEIÇÃO DOS SANTOS','48999010061','026.545.680-08',NULL,NULL);
INSERT INTO CLIENTES VALUES(62,'ANDERSON SANTOS CRUZ','48999010062','006.796.670-59',NULL,NULL);
INSERT INTO CLIENTES VALUES(63,'EMERSON SOUZA VAZ','48999010063','003.175.030-30',NULL,NULL);
INSERT INTO CLIENTES VALUES(64,'HEVERSON DA SILVA COSTA','48999010064','965.883.060-91',NULL,NULL);
INSERT INTO CLIENTES VALUES(65,'JAILTON GOMES DE ARAUJO','48999010065','032.912.330-00',NULL,NULL);
INSERT INTO CLIENTES VALUES(66,'JORGE ALAN DOS SANTOS LIMA','48999010066','757.763.080-20',NULL,NULL);
INSERT INTO CLIENTES VALUES(67,'LÚCIA HELENA SANTANA FERREIRA','48999010067','911.116.680-00',NULL,NULL);
INSERT INTO CLIENTES VALUES(68,'MARCOS VINICIUS SILVA MOREIRA','48999010068','009.988.270-10',NULL,NULL);
INSERT INTO CLIENTES VALUES(69,'MOISÉS PEREIRA DE LIMA','48999010069','005.448.650-57',NULL,NULL);
INSERT INTO CLIENTES VALUES(70,'PAULA DA SILVA SANTOS','48999010070','007.740.020-85',NULL,NULL);
INSERT INTO CLIENTES VALUES(71,'WILSON SANTANA JUNIOR','48999010071','035.523.290-13_',NULL,NULL);
INSERT INTO CLIENTES VALUES(72,'SARAI ROHSMANN','48999010072','830.120.100-25',NULL,NULL);
INSERT INTO CLIENTES VALUES(73,'ANGELITA FRANCESQUET RATHKE','48999010073','032.701.070-30',NULL,NULL);
INSERT INTO CLIENTES VALUES(74,'VERA LUCIA PRESTES STRUCK','48999010074','026.191.590-83',NULL,NULL);
INSERT INTO CLIENTES VALUES(75,'ZAVINA DE FREITAS PEIXOTO','48999010075','018.185.480-54',NULL,NULL);
INSERT INTO CLIENTES VALUES(76,'LISANE BRIXNER','48999010076','046.297.590-85',NULL,NULL);
INSERT INTO CLIENTES VALUES(77,'NERCI MULLER MARQUARDT','48999010077','031.311.360-22',NULL,NULL);
INSERT INTO CLIENTES VALUES(78,'LEONI GOETZE','48999010078','046.350.500-09',NULL,NULL);
INSERT INTO CLIENTES VALUES(79,'JENIFER LISBOA','48999010079','026.170.320-00',NULL,NULL);
INSERT INTO CLIENTES VALUES(80,'ODELIA GOMES DA SILVA','48999010080','031.393.530-06',NULL,NULL);
INSERT INTO CLIENTES VALUES(81,'TATIELE PATRICIA SCHWANTES','48999010081','042.478.360-64',NULL,NULL);
INSERT INTO CLIENTES VALUES(82,'FABIANE CRISTINA HERMES','48999010082','026.170.320-00',NULL,NULL);
INSERT INTO CLIENTES VALUES(83,'CAREN JORIZE DA SILVA','48999010083','025.729.880-03',NULL,NULL);
INSERT INTO CLIENTES VALUES(84,'CLARICE TERESINHA SILVA','48999010084','033.291.010-59',NULL,NULL);
INSERT INTO CLIENTES VALUES(85,'CLAIR PEREIRA GALDINO','48999010085','041.044.590-89',NULL,NULL);
INSERT INTO CLIENTES VALUES(86,'LIRES DESSBESELL','48999010086','042.556.530-03',NULL,NULL);
INSERT INTO CLIENTES VALUES(87,'SILVIA LORENA SCHMIDT GIEHL','48999010087','037.460.000-76',NULL,NULL);
INSERT INTO CLIENTES VALUES(88,'MARCELIA WEHNER','48999010088','030.937.570-37',NULL,NULL);
INSERT INTO CLIENTES VALUES(89,'CELIA BOHN','48999010089','029.261.790-90',NULL,NULL);
INSERT INTO CLIENTES VALUES(90,'CASSILDA MARIA DA SILVA','48999010090','042.098.550-65',NULL,NULL);
INSERT INTO CLIENTES VALUES(91,'ELMO GRAFF','48999010091','031.368.640-85',NULL,NULL);
INSERT INTO CLIENTES VALUES(92,'JOSE SALVADOR DA SILVA','48999010092','038.855.320-00',NULL,NULL);
INSERT INTO CLIENTES VALUES(93,'EDILER THOM MACHADO','48999010093','006.145.080-45',NULL,NULL);
INSERT INTO CLIENTES VALUES(94,'LORECI MIRA','48999010094','006.418.030-10',NULL,NULL);
INSERT INTO CLIENTES VALUES(95,'LUIZ GONZAGA TAVARES DA SILVA','48999010095','213.671.750-20',NULL,NULL);
INSERT INTO CLIENTES VALUES(96,'ANDRIELE RAASCH DA SILVEIRA','48999010096','874.948.680-20',NULL,NULL);
INSERT INTO CLIENTES VALUES(97,'LECI RAASCH DA SILVEIRA','48999010097','822.329.110-04',NULL,NULL);
INSERT INTO CLIENTES VALUES(98,'SILVANI PRANKE BEHN','48999010098','012.216.740-64',NULL,NULL);
INSERT INTO CLIENTES VALUES(99,'ILSON RADIKE CHAVEL','48999010099','201.249.240-53',NULL,NULL);
INSERT INTO CLIENTES VALUES(100,'FRANCISCO CEJALMO FERNANDES DE OLIVEIRA','48999010100','215.259.860-15',NULL,NULL);
INSERT INTO CLIENTES VALUES(101,'MARIA JUSCELANE KOCHENBORGER','48999010101','651.234.250-04',NULL,NULL);
CREATE TABLE CIDADE (
	CIDADE_ID INTEGER PRIMARY KEY AUTOINCREMENT,
	CIDADE_NOME TEXT
);
DELETE FROM sqlite_sequence;
INSERT INTO sqlite_sequence VALUES('PRODUTOS',322);
INSERT INTO sqlite_sequence VALUES('PRATELEIRAS',11);
INSERT INTO sqlite_sequence VALUES('NOTAS',30);
INSERT INTO sqlite_sequence VALUES('ITENSNOTAS',900);
INSERT INTO sqlite_sequence VALUES('ATENDENTES',9);
INSERT INTO sqlite_sequence VALUES('CLIENTES',101);
COMMIT;
